Fare,Age,Pclass,SibSp,Parch,Sex_male,Embarked_Q,Embarked_S,Survived,FamilySize,IsAlone,Title,TicketGroupSize
-0.3120106021758714,-0.5657364610748746,1.0,0.125,0.0,1.0,0.0,1.0,0,1.125,0,Mr,1
2.4612422909015312,0.6638610320657843,0.0,0.125,0.0,0.0,0.0,0.0,1,1.125,0,Mrs,1
-0.2827766613540295,-0.2583370877897099,1.0,0.0,0.0,0.0,0.0,1.0,1,1.0,1,Miss,1
1.6737318966114614,0.4333115021019107,0.0,0.125,0.0,0.0,0.0,1.0,1,1.125,0,Mrs,2
-0.277362968609244,0.4333115021019107,1.0,0.0,0.0,1.0,0.0,1.0,0,1.0,1,Mr,1
-0.2596796826276765,-0.1046374011471275,1.0,0.0,0.0,1.0,1.0,0.0,0,1.0,1,Mr,1
1.6201363384380845,1.893458525206443,0.0,0.0,0.0,1.0,0.0,1.0,0,1.0,1,Mr,1
0.2867438153974083,-2.1027333275006983,1.0,0.375,0.1666666666666666,1.0,0.0,1.0,0,1.5416666666666665,0,Master,4
-0.1438266578892661,-0.1814872444684187,1.0,0.0,0.3333333333333333,0.0,0.0,1.0,1,1.3333333333333333,0,Mrs,3
0.6763477929457417,-1.180535207645204,0.5,0.125,0.0,0.0,0.0,0.0,1,1.125,0,Mrs,2
0.0972645693299147,-1.949033640858116,1.0,0.125,0.1666666666666666,0.0,0.0,1.0,1,1.2916666666666665,0,Miss,2
0.5238635576190146,2.200857898491608,0.0,0.0,0.0,0.0,0.0,1.0,1,1.0,1,Miss,1
-0.277362968609244,-0.719436147717457,1.0,0.0,0.0,1.0,0.0,1.0,0,1.0,1,Mr,1
0.7285011433719076,0.7407108753870755,1.0,0.125,0.8333333333333333,1.0,0.0,1.0,0,1.9583333333333333,0,Mr,7
-0.2858429769246761,-1.180535207645204,1.0,0.0,0.0,0.0,0.0,1.0,0,1.0,1,Miss,1
0.0669478899591157,1.9703083685277345,0.5,0.0,0.0,0.0,0.0,1.0,1,1.0,1,Mrs,1
0.6353856281615965,-2.1027333275006983,1.0,0.5,0.1666666666666666,1.0,1.0,0.0,0,1.6666666666666665,0,Master,5
-0.0629807359157369,-0.1046374011471275,0.5,0.0,0.0,1.0,0.0,1.0,1,1.0,1,Mr,1
0.1535669738756842,0.125912128816746,1.0,0.125,0.0,0.0,0.0,1.0,0,1.125,0,Mrs,1
-0.3130933407248285,-0.1046374011471275,1.0,0.0,0.0,0.0,0.0,0.0,1,1.0,1,Mrs,1
0.5000433095419583,0.4333115021019107,0.5,0.0,0.0,1.0,0.0,1.0,0,1.0,1,Mr,2
-0.0629807359157369,0.3564616587806195,0.5,0.0,0.0,1.0,0.0,1.0,1,1.0,1,Mr,1
-0.2782638070819763,-1.1036853643239128,1.0,0.0,0.0,0.0,1.0,0.0,1,1.0,1,Miss,1
0.9114839581456586,-0.1046374011471275,0.0,0.0,0.0,1.0,0.0,1.0,1,1.0,1,Mr,1
0.2867438153974083,-1.6416342675729512,1.0,0.375,0.1666666666666666,0.0,0.0,1.0,0,1.5416666666666665,0,Miss,4
0.7333734668422146,0.6638610320657843,1.0,0.125,0.8333333333333333,0.0,0.0,1.0,1,1.9583333333333333,0,Mrs,4
-0.3130933407248285,-0.1046374011471275,1.0,0.0,0.0,1.0,0.0,0.0,0,1.0,1,Mr,1
10.764404753655324,-0.7962859910387481,0.0,0.375,0.3333333333333333,1.0,0.0,1.0,0,1.7083333333333333,0,Mr,4
-0.2847602383757189,-0.1046374011471275,1.0,0.0,0.0,0.0,1.0,0.0,1,1.0,1,Miss,1
-0.2840412999792114,-0.1046374011471275,1.0,0.0,0.0,1.0,0.0,1.0,0,1.0,1,Mr,1
0.5745703693437738,0.8175607187083667,0.0,0.0,0.0,1.0,0.0,0.0,0,1.0,1,Don,1
5.719743953987942,-0.1046374011471275,0.0,0.125,0.0,0.0,0.0,0.0,1,1.125,0,Mrs,2
-0.2903558311967292,-0.1046374011471275,1.0,0.0,0.0,0.0,1.0,0.0,1,1.0,1,Miss,1
-0.1712545908114476,2.8156566450619374,0.5,0.0,0.0,1.0,0.0,1.0,0,1.0,1,Mr,1
2.9327749289723517,-0.1046374011471275,0.0,0.125,0.0,1.0,0.0,0.0,0,1.125,0,Mr,2
1.6260914004573488,0.9712604053509488,0.0,0.125,0.0,1.0,0.0,1.0,0,1.125,0,Mr,2
-0.3129114406486037,-0.1046374011471275,1.0,0.0,0.0,1.0,0.0,0.0,1,1.0,1,Mr,1
-0.277362968609244,-0.6425863043961658,1.0,0.0,0.0,1.0,0.0,1.0,0,1.0,1,Mr,1
0.1535669738756842,-0.8731358343600393,1.0,0.25,0.0,0.0,0.0,1.0,0,1.25,0,Miss,2
-0.1391319035409881,-1.180535207645204,1.0,0.125,0.0,0.0,0.0,0.0,1,1.125,0,Miss,2
-0.2156468713186889,0.8175607187083667,1.0,0.125,0.0,0.0,0.0,1.0,0,1.125,0,Mrs,1
0.283495599750537,-0.1814872444684187,0.5,0.125,0.0,0.0,0.0,1.0,0,1.125,0,Mrs,2
-0.2840412999792114,-0.1046374011471275,1.0,0.0,0.0,1.0,0.0,0.0,0,1.0,1,Mr,1
1.1747713256184602,-2.025883484179407,0.5,0.125,0.3333333333333333,0.0,0.0,0.0,1,1.4583333333333333,0,Miss,3
-0.2847602383757189,-0.7962859910387481,1.0,0.0,0.0,0.0,1.0,0.0,1,1.0,1,Miss,1
-0.277362968609244,-0.1046374011471275,1.0,0.0,0.0,1.0,0.0,1.0,0,1.0,1,Mr,1
0.0452931189799736,-0.1046374011471275,1.0,0.125,0.0,1.0,1.0,0.0,0,1.125,0,Mr,1
-0.2903558311967292,-0.1046374011471275,1.0,0.0,0.0,0.0,1.0,0.0,1,1.0,1,Miss,1
0.3129114406486037,-0.1046374011471275,1.0,0.25,0.0,1.0,0.0,0.0,0,1.25,0,Mr,1
0.1449050654840274,-0.8731358343600393,1.0,0.125,0.0,0.0,0.0,1.0,0,1.125,0,Mrs,2
1.092842665095974,-1.7184841108942424,1.0,0.5,0.1666666666666666,1.0,0.0,1.0,0,1.6666666666666665,0,Master,6
-0.288190354098815,-0.6425863043961658,1.0,0.0,0.0,1.0,0.0,1.0,0,1.0,1,Mr,1
2.697101725452152,1.5092093085999871,0.0,0.125,0.0,0.0,0.0,0.0,1,1.125,0,Mrs,3
0.5000433095419583,-0.0277875578258363,0.5,0.125,0.0,0.0,0.0,1.0,1,1.125,0,Mrs,1
2.058285981567459,2.738806801740646,0.0,0.0,0.1666666666666666,1.0,0.0,0.0,0,1.1666666666666665,0,Mr,1
0.9114839581456586,-0.1046374011471275,0.0,0.0,0.0,1.0,0.0,1.0,1,1.0,1,Mr,1
-0.1712545908114476,-0.6425863043961658,0.5,0.0,0.0,0.0,0.0,1.0,1,1.0,1,Miss,1
-0.3129114406486037,-0.0662124794864819,1.0,0.0,0.0,1.0,0.0,0.0,0,1.0,1,Mr,1
0.5758350079689557,-1.8721837975368247,0.5,0.125,0.3333333333333333,0.0,0.0,1.0,1,1.4583333333333333,0,Miss,3
1.405212736470099,-1.4110847376090776,1.0,0.625,0.3333333333333333,1.0,0.0,1.0,0,1.9583333333333333,0,Master,6
-0.3129114406486037,-0.5657364610748746,1.0,0.0,0.0,1.0,0.0,0.0,0,1.0,1,Mr,1
2.838758575289308,0.6638610320657843,0.0,0.0,0.0,0.0,0.0,1.0,1,1.0,1,Miss,2
2.9892592335943453,1.2018099353148226,0.0,0.125,0.0,1.0,0.0,1.0,0,1.125,0,Mr,2
0.5823314392626983,-1.949033640858116,1.0,0.375,0.3333333333333333,1.0,0.0,1.0,0,1.7083333333333333,0,Master,6
0.5745703693437738,-0.1046374011471275,0.0,0.0,0.0,1.0,0.0,0.0,0,1.0,1,Mr,1
0.0342838334141777,-0.1046374011471275,1.0,0.125,0.1666666666666666,1.0,0.0,0.0,1,1.2916666666666665,0,Master,2
-0.1712545908114476,-0.0277875578258363,0.5,0.0,0.0,0.0,0.0,1.0,1,1.0,1,Mrs,1
-0.2726725452151617,-0.7962859910387481,1.0,0.0,0.0,1.0,0.0,1.0,0,1.0,1,Mr,1
-0.2827766613540295,-0.9499856776813304,1.0,0.5,0.3333333333333333,0.0,0.0,1.0,1,1.8333333333333333,0,Miss,1
-0.2508358741597949,-0.2583370877897099,1.0,0.25,0.0,1.0,0.0,1.0,0,1.25,0,Mr,1
-0.1712545908114476,0.2027619721380371,0.5,0.0,0.0,1.0,0.0,1.0,0,1.0,1,Mr,1
1.405212736470099,-1.0268355210026217,1.0,0.625,0.3333333333333333,0.0,0.0,1.0,0,1.9583333333333333,0,Miss,6
2.55724655256046,-0.6425863043961658,0.5,0.0,0.0,1.0,0.0,1.0,0,1.0,1,Mr,5
0.0,-0.2583370877897099,1.0,0.125,0.0,1.0,0.0,0.0,0,1.125,0,Mr,1
1.8208024391934032,0.2027619721380371,1.0,0.0,0.0,1.0,0.0,1.0,1,1.0,1,Mr,7
-0.2946867853925576,-0.335186931111001,1.0,0.0,0.0,1.0,0.0,1.0,0,1.0,1,Mr,1
-0.2840412999792114,-0.1046374011471275,1.0,0.0,0.0,1.0,0.0,1.0,0,1.0,1,Mr,1
-0.277362968609244,-0.1046374011471275,1.0,0.0,0.0,1.0,0.0,1.0,0,1.0,1,Mr,1
0.629971935416811,-2.192647644186609,0.5,0.0,0.3333333333333333,1.0,0.0,1.0,1,1.3333333333333333,0,Master,2
-0.0857182454438362,0.0490622854954548,1.0,0.0,0.0,0.0,0.0,1.0,1,1.0,1,Miss,2
-0.2362189037488739,-0.5657364610748746,1.0,0.0,0.0,1.0,0.0,1.0,0,1.0,1,Mr,1
-0.2145641327697318,-0.0277875578258363,1.0,0.0,0.0,1.0,0.0,1.0,1,1.0,1,Mr,1
-0.2887317233732936,-0.1046374011471275,1.0,0.0,0.0,0.0,1.0,0.0,1,1.0,1,Miss,1
1.4138746448617558,-0.1046374011471275,0.0,0.0,0.0,1.0,0.0,1.0,0,1.0,1,Mr,1
-0.1712545908114476,-0.9499856776813304,0.5,0.0,0.0,0.0,0.0,1.0,1,1.0,1,Miss,1
0.0604514586653731,0.2796118154593283,1.0,0.375,0.0,0.0,0.0,1.0,1,1.375,0,Mrs,2
0.8627607234425888,-1.0268355210026217,1.0,0.125,0.5,1.0,0.0,1.0,0,1.625,0,Mr,4
-0.277362968609244,-0.1046374011471275,1.0,0.0,0.0,1.0,0.0,1.0,0,1.0,1,Mr,1
10.764404753655324,-0.4888866177535834,0.0,0.375,0.3333333333333333,0.0,0.0,1.0,1,1.7083333333333333,0,Miss,4
-0.277362968609244,-0.4120367744322922,1.0,0.0,0.0,1.0,0.0,1.0,0,1.0,1,Mr,1
-0.277362968609244,-0.0277875578258363,1.0,0.0,0.0,1.0,0.0,1.0,0,1.0,1,Mr,1
-0.2858429769246761,-0.719436147717457,1.0,0.0,0.0,1.0,0.0,1.0,0,1.0,1,Mr,1
2.0234564479246067,1.2786597786361138,0.0,0.125,0.0,1.0,0.0,1.0,0,1.125,0,Mr,1
0.2650890444182662,-0.2583370877897099,1.0,0.125,0.3333333333333333,1.0,0.0,1.0,0,1.4583333333333333,0,Mr,2
-0.3120106021758714,2.277707741812899,1.0,0.0,0.0,1.0,0.0,1.0,0,1.0,1,Mr,1
-0.277362968609244,-0.1046374011471275,1.0,0.0,0.0,1.0,0.0,1.0,0,1.0,1,Mr,1
0.8748527475573419,3.1999058616683933,0.0,0.0,0.0,1.0,0.0,0.0,0,1.0,1,Mr,1
2.1180141708821285,-0.4888866177535834,0.0,0.0,0.1666666666666666,1.0,0.0,0.0,1,1.1666666666666665,0,Mr,1
0.3701146836671055,0.3564616587806195,0.5,0.0,0.1666666666666666,0.0,0.0,1.0,1,1.1666666666666665,0,Mrs,2
0.5000433095419583,0.3564616587806195,0.5,0.125,0.0,1.0,0.0,1.0,0,1.125,0,Mr,2
-0.2840412999792114,-0.1046374011471275,1.0,0.0,0.0,0.0,0.0,1.0,0,1.0,1,Miss,1
-0.2840412999792114,-0.1046374011471275,1.0,0.0,0.0,1.0,0.0,1.0,0,1.0,1,Mr,1
2.721281442727461,-0.6425863043961658,0.0,0.0,0.1666666666666666,1.0,0.0,1.0,0,1.1666666666666665,0,Mr,2
-0.2511953433580486,0.2796118154593283,1.0,0.0,0.0,1.0,0.0,1.0,0,1.0,1,Mr,1
-0.2827766613540295,0.5870111887444931,1.0,0.25,0.0,1.0,0.0,1.0,0,1.25,0,Mr,1
-0.2840412999792114,-0.1046374011471275,1.0,0.0,0.0,1.0,0.0,1.0,0,1.0,1,Mr,1
-0.2946867853925576,-0.6425863043961658,1.0,0.0,0.0,0.0,0.0,1.0,1,1.0,1,Miss,1
-0.2892730926477721,-0.1046374011471275,1.0,0.0,0.0,1.0,0.0,1.0,1,1.0,1,Mr,1
-0.2840412999792114,0.6638610320657843,1.0,0.0,0.0,1.0,0.0,1.0,0,1.0,1,Mr,1
0.4199206569191323,-0.1046374011471275,1.0,0.125,0.0,0.0,1.0,0.0,1,1.125,0,Miss,3
1.6260914004573488,1.3555096219574048,0.0,0.0,0.0,1.0,0.0,1.0,0,1.0,1,Mr,2
0.0,-1.1421102859845584,1.0,0.125,0.0,0.0,0.0,0.0,0,1.125,0,Miss,2
-0.277362968609244,-0.5657364610748746,1.0,0.0,0.0,1.0,0.0,1.0,0,1.0,1,Mr,1
-0.2004885316332894,-0.719436147717457,1.0,0.125,0.0,0.0,0.0,1.0,0,1.125,0,Miss,1
0.0001775691220289,-0.9499856776813304,1.0,0.0,0.0,0.0,0.0,0.0,0,1.0,1,Miss,2
-0.2827766613540295,-0.6425863043961658,1.0,0.0,0.0,1.0,0.0,1.0,0,1.0,1,Mr,1
-0.2903558311967292,3.161480940007748,1.0,0.0,0.0,1.0,1.0,0.0,0,1.0,1,Mr,1
0.283495599750537,-0.0277875578258363,0.5,0.125,0.0,1.0,0.0,1.0,0,1.125,0,Mr,2
10.094007691774651,-0.4120367744322922,0.0,0.0,0.1666666666666666,1.0,0.0,0.0,0,1.1666666666666665,0,Mr,2
0.7285011433719076,-2.1027333275006983,1.0,0.5,0.3333333333333333,0.0,0.0,1.0,0,1.8333333333333333,0,Miss,7
2.55724655256046,-0.6425863043961658,0.5,0.25,0.0,1.0,0.0,1.0,0,1.25,0,Mr,5
-0.277362968609244,-0.1046374011471275,1.0,0.0,0.0,1.0,0.0,1.0,0,1.0,1,Mr,1
0.6763477929457417,0.2411868937986827,0.5,0.125,0.0,1.0,0.0,0.0,0,1.125,0,Mr,2
-0.0629807359157369,0.2411868937986827,0.5,0.0,0.0,0.0,0.0,1.0,1,1.0,1,Miss,1
2.721281442727461,1.893458525206443,0.0,0.0,0.1666666666666666,1.0,0.0,1.0,0,1.1666666666666665,0,Mr,2
-0.1391319035409881,-1.3342348942877864,1.0,0.125,0.0,1.0,0.0,0.0,1,1.125,0,Master,2
-0.2903558311967292,-0.1046374011471275,1.0,0.0,0.0,1.0,1.0,0.0,0,1.0,1,Mr,1
-0.3167010255699535,-0.4120367744322922,1.0,0.0,0.0,1.0,0.0,1.0,1,1.0,1,Mr,1
0.3423229505924745,-0.1046374011471275,1.0,0.125,0.1666666666666666,0.0,0.0,0.0,1,1.2916666666666665,0,Miss,2
-0.3239207262143995,1.2018099353148226,1.0,0.0,0.0,1.0,0.0,1.0,0,1.0,1,Mr,1
-0.2840412999792114,0.2796118154593283,1.0,0.0,0.0,1.0,0.0,0.0,0,1.0,1,Mr,1
-0.3206725105675282,-0.719436147717457,1.0,0.0,0.0,1.0,0.0,1.0,0,1.0,1,Mr,1
0.0019835770216894,1.3555096219574048,1.0,0.125,0.0,0.0,0.0,1.0,0,1.125,0,Mrs,1
0.5000433095419583,-0.0277875578258363,0.5,0.125,0.0,0.0,0.0,1.0,1,1.125,0,Mrs,1
-0.0629807359157369,-0.335186931111001,0.5,0.0,0.0,1.0,0.0,1.0,0,1.0,1,Mr,1
0.0256219250225209,-0.4888866177535834,0.5,0.0,0.0,1.0,0.0,0.0,0,1.0,1,Mr,1
0.5123129027787402,-0.7962859910387481,0.0,0.0,0.3333333333333333,0.0,0.0,1.0,1,1.3333333333333333,0,Miss,1
1.6737318966114614,0.5870111887444931,0.0,0.125,0.0,1.0,0.0,1.0,0,1.125,0,Mr,2
-0.2268337260065137,-1.0268355210026217,1.0,0.0,0.0,1.0,0.0,1.0,0,1.0,1,Mr,2
2.8041109417226804,-0.4120367744322922,0.0,0.0,0.0,1.0,0.0,0.0,0,1.0,1,Mr,2
0.0342838334141777,-0.1046374011471275,1.0,0.0,0.3333333333333333,0.0,0.0,0.0,0,1.3333333333333333,0,Mrs,2
-0.2903558311967292,-0.5657364610748746,1.0,0.0,0.0,0.0,0.0,1.0,1,1.0,1,Miss,1
0.0604514586653731,-0.4120367744322922,1.0,0.125,0.0,0.0,0.0,1.0,1,1.125,0,Mrs,2
-0.3336653731550135,-0.7962859910387481,1.0,0.0,0.0,1.0,1.0,0.0,0,1.0,1,Mr,1
-0.1279450488531633,-0.8731358343600393,0.5,0.0,0.0,1.0,0.0,1.0,0,1.0,1,Mr,1
0.965620885593514,-0.7962859910387481,0.5,0.125,0.1666666666666666,1.0,0.0,1.0,0,1.2916666666666665,0,Mr,2
-0.2883722541750398,-0.1814872444684187,1.0,0.0,0.0,1.0,0.0,1.0,1,1.0,1,Mr,1
0.8627607234425888,-1.56478442425166,1.0,0.25,0.3333333333333333,0.0,0.0,1.0,0,1.5833333333333333,0,Miss,4
0.5000433095419583,0.5485862670838475,0.5,0.0,0.3333333333333333,1.0,0.0,1.0,0,1.3333333333333333,0,Mr,3
-0.0629807359157369,0.9712604053509488,0.5,0.0,0.0,1.0,0.0,1.0,0,1.0,1,Rev,1
-0.0835527683459219,1.6629089952425695,0.5,0.0,0.0,1.0,0.0,1.0,0,1.0,1,Rev,1
2.2584107130482987,-0.5657364610748746,0.0,0.125,0.0,0.0,0.0,1.0,1,1.125,0,Mrs,2
-0.277362968609244,2.00873329018838,1.0,0.0,0.0,1.0,0.0,1.0,0,1.0,1,Mr,1
0.0019835770216894,0.8559856403690123,1.0,0.0,0.3333333333333333,1.0,0.0,1.0,0,1.3333333333333333,0,Mr,1
-0.3093037558034786,-0.1046374011471275,1.0,0.0,0.0,1.0,0.0,1.0,0,1.0,1,Mr,1
2.0323002563924883,1.6629089952425695,0.0,0.0,0.1666666666666666,1.0,0.0,0.0,0,1.1666666666666665,0,Mr,1
-0.2910791005474326,-1.0268355210026217,1.0,0.0,0.0,0.0,1.0,0.0,1,1.0,1,Miss,1
-0.277362968609244,0.0490622854954548,1.0,0.0,0.0,1.0,0.0,1.0,0,1.0,1,Mr,1
-0.2508358741597949,-0.1046374011471275,1.0,0.0,0.0,1.0,0.0,1.0,0,1.0,1,Mr,1
2.3861738618252373,-0.1046374011471275,1.0,1.0,0.3333333333333333,1.0,0.0,1.0,0,2.333333333333333,0,Master,7
0.0712788441549442,1.1249600919935314,1.0,0.0,0.1666666666666666,1.0,0.0,1.0,0,1.1666666666666665,0,Mr,1
0.0561205044695447,0.8175607187083667,0.5,0.0,0.0,0.0,0.0,1.0,1,1.0,1,Mrs,1
-0.2892730926477721,-0.2583370877897099,1.0,0.0,0.0,1.0,0.0,1.0,0,1.0,1,Mr,1
-0.2508358741597949,-0.9499856776813304,1.0,0.0,0.0,1.0,0.0,1.0,0,1.0,1,Mr,1
1.092842665095974,-2.179583170821989,1.0,0.5,0.1666666666666666,1.0,0.0,1.0,0,1.6666666666666665,0,Master,6
0.2629235673203519,-1.56478442425166,1.0,0.0,0.3333333333333333,1.0,0.0,1.0,1,1.3333333333333333,0,Master,3
1.7560200263322014,-0.1046374011471275,0.0,0.0,0.1666666666666666,0.0,0.0,1.0,1,1.1666666666666665,0,Mrs,2
0.5823314392626983,1.2018099353148226,1.0,0.125,0.6666666666666666,0.0,0.0,1.0,0,1.7916666666666665,0,Mrs,6
0.4967950938950869,-0.1046374011471275,0.0,0.0,0.0,1.0,0.0,1.0,0,1.0,1,Mr,1
1.8208024391934032,-0.1046374011471275,1.0,0.0,0.0,1.0,0.0,1.0,0,1.0,1,Mr,7
0.8248648742290902,2.4314074284554814,0.0,0.0,0.0,1.0,0.0,1.0,0,1.0,1,Mr,1
0.6353856281615965,-1.949033640858116,1.0,0.5,0.1666666666666666,1.0,1.0,0.0,0,1.6666666666666665,0,Master,5
-0.1438266578892661,-2.179583170821989,1.0,0.125,0.1666666666666666,0.0,0.0,1.0,1,1.2916666666666665,0,Miss,3
-0.2827766613540295,-0.6425863043961658,1.0,0.0,0.0,1.0,0.0,1.0,0,1.0,1,Mr,1
0.7034162566696693,2.047158211849025,0.0,0.0,0.0,1.0,0.0,0.0,0,1.0,1,Mr,1
-0.2858429769246761,-0.8731358343600393,1.0,0.125,0.1666666666666666,1.0,0.0,1.0,0,1.2916666666666665,0,Mr,1
0.4769463308156052,-0.1046374011471275,1.0,0.375,0.1666666666666666,1.0,0.0,1.0,0,1.5416666666666665,0,Master,4
0.6175204421038042,1.5860591519212783,0.0,0.0,0.0,0.0,0.0,0.0,0,1.0,1,Miss,1
-0.0629807359157369,0.0490622854954548,0.5,0.0,0.0,1.0,0.0,1.0,0,1.0,1,Mr,1
-0.6260047813734322,0.5101613454232019,1.0,0.0,0.0,1.0,0.0,1.0,0,1.0,1,Mr,4
2.3861738618252373,-0.1046374011471275,1.0,1.0,0.3333333333333333,0.0,0.0,1.0,0,2.333333333333333,0,Miss,7
0.0258038250987457,-0.1046374011471275,0.5,0.0,0.0,1.0,0.0,0.0,0,1.0,1,Mr,1
0.7333734668422146,-1.56478442425166,1.0,0.5,0.3333333333333333,1.0,0.0,1.0,0,1.8333333333333333,0,Master,4
1.0630673549996534,-2.179583170821989,0.5,0.25,0.1666666666666666,1.0,0.0,1.0,1,1.4166666666666665,0,Master,2
0.3278878802577783,-1.949033640858116,1.0,0.0,0.3333333333333333,0.0,0.0,1.0,1,1.3333333333333333,0,Miss,1
1.5394723165407802,-0.1046374011471275,0.0,0.0,0.0,1.0,0.0,1.0,0,1.0,1,Mr,1
0.0452931189799736,-0.1046374011471275,1.0,0.125,0.0,0.0,1.0,0.0,1,1.125,0,Mrs,2
0.5238635576190146,1.2018099353148226,0.0,0.0,0.0,1.0,0.0,1.0,1,1.0,1,Mr,1
0.0452931189799736,0.8175607187083667,1.0,0.125,0.1666666666666666,1.0,1.0,0.0,0,1.2916666666666665,0,Mr,2
-0.2840412999792114,0.5101613454232019,1.0,0.0,0.0,1.0,0.0,1.0,0,1.0,1,Mr,1
-0.0629807359157369,0.2027619721380371,0.5,0.0,0.0,0.0,0.0,1.0,1,1.0,1,Mrs,1
-0.0629807359157369,-0.7962859910387481,0.5,0.0,0.0,1.0,0.0,1.0,0,1.0,1,Mr,1
-0.2858429769246761,-0.7962859910387481,1.0,0.125,0.0,0.0,0.0,1.0,1,1.125,0,Miss,1
0.5000433095419583,-2.025883484179407,0.5,0.125,0.1666666666666666,1.0,0.0,1.0,1,1.2916666666666665,0,Master,3
0.5745703693437738,1.1249600919935314,0.0,0.0,0.0,0.0,0.0,0.0,1,1.0,1,Mrs,1
5.719743953987942,2.200857898491608,0.0,0.0,0.0,0.0,0.0,0.0,1,1.0,1,Miss,2
-0.2903558311967292,-0.1046374011471275,1.0,0.0,0.0,1.0,1.0,0.0,0,1.0,1,Mr,1
-0.2620227288476197,0.9712604053509488,1.0,0.0,0.1666666666666666,1.0,0.0,1.0,0,1.1666666666666665,0,Mr,1
-0.2903558311967292,-0.1046374011471275,1.0,0.0,0.0,0.0,1.0,0.0,1,1.0,1,Miss,1
-0.0629807359157369,-0.4120367744322922,0.5,0.0,0.0,0.0,0.0,1.0,0,1.0,1,Miss,1
-0.2145641327697318,-0.1046374011471275,1.0,0.0,0.0,1.0,0.0,1.0,0,1.0,1,Mr,1
2.3861738618252373,-0.1046374011471275,1.0,1.0,0.3333333333333333,1.0,0.0,1.0,0,2.333333333333333,0,Mr,7
-0.3446746587208094,0.3564616587806195,1.0,0.0,0.0,1.0,0.0,1.0,0,1.0,1,Mr,1
-0.3130933407248285,1.2402348569754682,1.0,0.0,0.0,1.0,0.0,0.0,0,1.0,1,Mr,1
-0.277362968609244,-0.8731358343600393,1.0,0.0,0.0,1.0,0.0,1.0,1,1.0,1,Mr,1
-0.1728786986348832,-2.1027333275006983,1.0,0.0,0.1666666666666666,0.0,0.0,1.0,0,1.1666666666666665,0,Miss,2
0.0604514586653731,0.2027619721380371,1.0,0.125,0.0,1.0,0.0,1.0,0,1.125,0,Mr,2
0.1876732381678331,-0.2583370877897099,1.0,0.0,0.0,1.0,0.0,0.0,1,1.0,1,Mr,2
-0.2903558311967292,-1.0268355210026217,1.0,0.0,0.0,0.0,1.0,0.0,1,1.0,1,Miss,1
0.7165910193333795,0.8175607187083667,0.0,0.0,0.0,1.0,0.0,0.0,1,1.0,1,Mr,1
-0.3206725105675282,-0.4120367744322922,1.0,0.0,0.0,1.0,0.0,1.0,0,1.0,1,Mr,1
0.283495599750537,0.4333115021019107,0.5,0.0,0.0,0.0,0.0,1.0,1,1.0,1,Miss,1
-0.3120106021758714,-0.5657364610748746,1.0,0.0,0.0,1.0,0.0,1.0,0,1.0,1,Mr,1
-0.0629807359157369,0.0490622854954548,0.5,0.0,0.0,1.0,0.0,1.0,0,1.0,1,Mr,1
-0.2903558311967292,-0.1046374011471275,1.0,0.125,0.0,1.0,1.0,0.0,0,1.125,0,Mr,1
4.279883583951216,0.125912128816746,0.0,0.125,0.0,0.0,0.0,0.0,1,1.125,0,Miss,3
-0.2827766613540295,-0.1814872444684187,1.0,0.0,0.0,0.0,0.0,1.0,1,1.0,1,Miss,1
0.5433528515002425,0.9712604053509488,0.5,0.125,0.0,1.0,0.0,1.0,0,1.125,0,Mr,2
2.6781538008454024,0.2027619721380371,0.0,0.0,0.0,0.0,0.0,0.0,1,1.0,1,Miss,1
-0.1712545908114476,0.0490622854954548,0.5,0.0,0.0,1.0,0.0,1.0,0,1.0,1,Mr,1
-0.277362968609244,-1.0268355210026217,1.0,0.0,0.0,1.0,0.0,1.0,1,1.0,1,Mr,1
-0.0629807359157369,-0.1814872444684187,0.5,0.0,0.0,1.0,0.0,1.0,0,1.0,1,Mr,1
-0.277362968609244,1.6629089952425695,1.0,0.0,0.0,1.0,0.0,1.0,0,1.0,1,Mr,1
-0.2840412999792114,-0.1046374011471275,1.0,0.0,0.0,1.0,0.0,1.0,0,1.0,1,Mr,1
3.27185399487215,0.6638610320657843,0.0,0.125,0.0,1.0,0.0,1.0,1,1.125,0,Mr,2
-0.2210605640634745,-0.5657364610748746,1.0,0.0,0.0,1.0,0.0,1.0,0,1.0,1,Mr,1
-0.1712545908114476,-0.7962859910387481,0.5,0.0,0.0,1.0,0.0,1.0,1,1.0,1,Mr,1
-0.3120106021758714,-0.6810112260568114,1.0,0.0,0.0,1.0,0.0,1.0,0,1.0,1,Mr,1
-0.0629807359157369,-0.8731358343600393,0.5,0.0,0.0,1.0,0.0,1.0,0,1.0,1,Mr,1
0.4769463308156052,-0.1046374011471275,1.0,0.375,0.1666666666666666,0.0,0.0,1.0,0,1.5416666666666665,0,Miss,4
2.9892592335943453,0.4333115021019107,0.0,0.125,0.0,0.0,0.0,1.0,1,1.125,0,Mrs,2
-0.2892730926477721,-0.0277875578258363,1.0,0.0,0.0,1.0,0.0,1.0,0,1.0,1,Mr,1
-0.0413259649365948,2.277707741812899,0.5,0.0,0.0,1.0,0.0,1.0,0,1.0,1,Mr,1
0.7333734668422146,-1.8721837975368247,1.0,0.5,0.3333333333333333,0.0,0.0,1.0,1,1.8333333333333333,0,Miss,4
-0.1712545908114476,-0.4120367744322922,0.5,0.0,0.0,1.0,0.0,1.0,0,1.0,1,Mr,1
-0.2990177395883861,-0.1046374011471275,1.0,0.0,0.0,0.0,0.0,1.0,0,1.0,1,Miss,1
0.5000433095419583,1.1249600919935314,0.5,0.125,0.0,1.0,0.0,1.0,0,1.125,0,Mr,1
0.5108706950315294,-1.6416342675729512,0.5,0.0,0.3333333333333333,0.0,0.0,1.0,1,1.3333333333333333,0,Miss,3
-0.1712545908114476,-0.7962859910387481,0.5,0.0,0.0,1.0,0.0,1.0,0,1.0,1,Mr,1
-0.094380153835493,0.2796118154593283,0.5,0.0,0.0,1.0,0.0,1.0,0,1.0,1,Mr,1
0.0,-0.1046374011471275,1.0,0.125,0.0,0.0,0.0,0.0,0,1.125,0,Miss,2
0.0452931189799736,-0.1046374011471275,1.0,0.125,0.0,0.0,1.0,0.0,1,1.125,0,Miss,2
-0.1712545908114476,-0.0277875578258363,0.5,0.0,0.0,1.0,0.0,1.0,0,1.0,1,Mr,1
-0.3174242949206569,-0.5657364610748746,1.0,0.0,0.0,1.0,0.0,1.0,0,1.0,1,Mr,1
-0.3130933407248285,0.0490622854954548,1.0,0.0,0.0,1.0,0.0,0.0,0,1.0,1,Mr,1
3.27185399487215,1.1249600919935314,0.0,0.25,0.0,1.0,1.0,0.0,0,1.25,0,Dr,2
-0.2892730926477721,-0.335186931111001,1.0,0.0,0.0,0.0,0.0,1.0,0,1.0,1,Miss,1
0.0019835770216894,-0.4120367744322922,0.5,0.0,0.3333333333333333,0.0,0.0,1.0,1,1.3333333333333333,0,Mrs,2
1.6500935486106298,0.5870111887444931,0.0,0.125,0.1666666666666666,1.0,0.0,1.0,1,1.2916666666666665,0,Mr,2
0.5000433095419583,1.893458525206443,0.5,0.125,0.0,1.0,0.0,1.0,0,1.125,0,Rev,2
-0.3120106021758714,-0.1046374011471275,1.0,0.0,0.0,1.0,0.0,1.0,0,1.0,1,Mr,1
-0.1728786986348832,-0.0277875578258363,1.0,0.125,0.1666666666666666,0.0,0.0,1.0,0,1.2916666666666665,0,Mrs,2
0.5238635576190146,2.5082572717767726,0.0,0.0,0.0,1.0,0.0,1.0,0,1.0,1,Mr,1
0.0712788441549442,0.0490622854954548,1.0,0.125,0.0,1.0,0.0,1.0,0,1.125,0,Mr,2
0.2493893354583881,0.8944105620296577,1.0,0.0,0.3333333333333333,0.0,0.0,1.0,0,1.3333333333333333,0,Mrs,2
0.0342838334141777,-0.0277875578258363,1.0,0.0,0.3333333333333333,0.0,0.0,0.0,1,1.3333333333333333,0,Mrs,1
2.8041109417226804,-0.1046374011471275,0.0,0.0,0.0,0.0,0.0,0.0,1,1.0,1,Mrs,1
3.120270598018155,0.0490622854954548,0.0,0.0,0.0,0.0,0.0,1.0,1,1.0,1,Miss,3
21.56273820248077,0.4333115021019107,0.0,0.0,0.0,0.0,0.0,0.0,1,1.0,1,Miss,3
0.5000433095419583,1.5860591519212783,0.5,0.0,0.1666666666666666,0.0,0.0,1.0,1,1.1666666666666665,0,Mrs,2
-0.2903558311967292,-0.1046374011471275,1.0,0.0,0.0,1.0,1.0,0.0,0,1.0,1,Mr,1
0.7333734668422146,-2.025883484179407,1.0,0.5,0.3333333333333333,1.0,0.0,1.0,1,1.8333333333333333,0,Master,4
2.8236002356039083,1.7397588385638607,0.0,0.125,0.1666666666666666,1.0,0.0,1.0,0,1.2916666666666665,0,Mr,3
-0.6260047813734322,0.8175607187083667,0.0,0.0,0.0,1.0,0.0,1.0,0,1.0,1,Mr,1
-0.2903558311967292,-0.1046374011471275,1.0,0.0,0.0,0.0,1.0,0.0,0,1.0,1,Miss,1
-0.1712545908114476,0.5101613454232019,0.5,0.0,0.0,1.0,0.0,1.0,0,1.0,1,Mr,1
1.092842665095974,-1.0268355210026217,1.0,0.5,0.1666666666666666,1.0,0.0,1.0,0,1.6666666666666665,0,Mr,6
-0.2892730926477721,-0.335186931111001,1.0,0.125,0.0,1.0,0.0,1.0,1,1.125,0,Mr,1
6.020385801399765,2.200857898491608,0.0,0.0,0.1666666666666666,0.0,0.0,1.0,1,1.1666666666666665,0,Mrs,3
5.248211315917122,0.4333115021019107,0.0,0.0,0.0,0.0,0.0,1.0,1,1.0,1,Miss,3
0.7165910193333795,-0.1046374011471275,0.0,0.0,0.0,1.0,0.0,1.0,0,1.0,1,Mr,2
-0.6260047813734322,-0.335186931111001,1.0,0.0,0.0,1.0,0.0,1.0,1,1.0,1,Mr,4
0.2185312868131106,0.8944105620296577,0.5,0.0,0.1666666666666666,0.0,0.0,1.0,1,1.1666666666666665,0,Mrs,2
0.6602886147876099,0.5870111887444931,0.0,0.0,0.1666666666666666,1.0,0.0,0.0,0,1.1666666666666665,0,Mr,1
-0.2903558311967292,-0.1046374011471275,1.0,0.0,0.0,0.0,1.0,0.0,1,1.0,1,Miss,1
2.7503334834730784,2.585107115098064,0.0,0.125,0.0,0.0,0.0,1.0,1,1.125,0,Miss,3
-0.2903558311967292,1.2018099353148226,1.0,0.0,0.0,0.0,0.0,1.0,0,1.0,1,Miss,1
-0.6260047813734322,-0.1046374011471275,0.5,0.0,0.0,1.0,0.0,1.0,0,1.0,1,Mr,3
0.6353856281615965,-1.7184841108942424,1.0,0.5,0.1666666666666666,1.0,1.0,0.0,0,1.6666666666666665,0,Master,5
0.2510134432818238,0.4333115021019107,1.0,0.125,0.1666666666666666,0.0,0.0,1.0,1,1.2916666666666665,0,Mrs,2
-0.2903558311967292,2.738806801740646,1.0,0.0,0.0,1.0,1.0,0.0,0,1.0,1,Mr,1
-0.2858429769246761,-0.1046374011471275,1.0,0.0,0.0,1.0,0.0,1.0,0,1.0,1,Mr,1
-0.2145641327697318,-1.0268355210026217,1.0,0.0,0.0,1.0,0.0,1.0,0,1.0,1,Mr,1
-0.277362968609244,-0.7962859910387481,1.0,0.0,0.0,1.0,0.0,1.0,1,1.0,1,Mr,1
0.5000433095419583,-0.1046374011471275,0.0,0.0,0.0,1.0,0.0,1.0,0,1.0,1,Mr,1
-0.2508358741597949,0.2796118154593283,1.0,0.0,0.0,1.0,0.0,0.0,0,1.0,1,Mr,1
-0.2145641327697318,0.0490622854954548,1.0,0.0,0.0,1.0,0.0,1.0,1,1.0,1,Mr,1
-0.2840412999792114,-0.5657364610748746,1.0,0.0,0.0,1.0,0.0,1.0,0,1.0,1,Mr,1
-0.0629807359157369,0.9712604053509488,0.5,0.0,0.0,1.0,0.0,1.0,1,1.0,1,Mr,1
-0.2903558311967292,-0.5657364610748746,1.0,0.0,0.0,0.0,1.0,0.0,1,1.0,1,Miss,1
2.788952602037281,-0.2583370877897099,0.0,0.0,0.0,0.0,0.0,1.0,1,1.0,1,Miss,2
3.3185936525535307,-0.7962859910387481,0.0,0.125,0.0,0.0,0.0,0.0,1,1.125,0,Mrs,2
-0.0683944286605224,0.5101613454232019,0.5,0.0,0.0,1.0,0.0,0.0,0,1.0,1,Mr,1
-0.2427153350426166,-0.4120367744322922,1.0,0.0,0.0,0.0,0.0,1.0,0,1.0,1,Miss,1
-0.2840412999792114,-0.4120367744322922,1.0,0.0,0.0,1.0,0.0,1.0,0,1.0,1,Mr,1
0.5745703693437738,-0.1046374011471275,0.0,0.0,0.0,1.0,0.0,0.0,0,1.0,1,Mr,1
-0.3129114406486037,-0.4504616960929378,1.0,0.0,0.0,1.0,0.0,0.0,0,1.0,1,Mr,1
5.937556302404546,-2.1027333275006983,0.0,0.125,0.3333333333333333,0.0,0.0,1.0,0,1.4583333333333333,0,Miss,4
0.6949362483542374,-0.1046374011471275,0.0,0.0,0.0,1.0,0.0,1.0,1,1.0,1,Mr,1
10.094007691774651,1.5860591519212783,0.0,0.0,0.1666666666666666,0.0,0.0,0.0,1,1.1666666666666665,0,Mrs,2
-0.2903558311967292,-0.1046374011471275,1.0,0.0,0.0,0.0,1.0,0.0,1,1.0,1,Miss,1
0.3809420691566765,-0.1046374011471275,1.0,0.25,0.0,1.0,1.0,0.0,1,1.25,0,Mr,2
-0.6260047813734322,-0.7962859910387481,1.0,0.0,0.0,1.0,0.0,1.0,0,1.0,1,Mr,4
-0.0911319381886217,-0.1046374011471275,0.5,0.0,0.0,0.0,1.0,0.0,1,1.0,1,Miss,1
-0.277362968609244,-0.1046374011471275,1.0,0.0,0.0,1.0,0.0,1.0,0,1.0,1,Mr,1
5.937556302404546,-2.1857311582876924,0.0,0.125,0.3333333333333333,1.0,0.0,1.0,1,1.4583333333333333,0,Master,4
4.176300152449588,-0.1046374011471275,0.0,0.0,0.0,0.0,0.0,0.0,1,1.0,1,Miss,4
4.090404337883722,-0.9499856776813304,0.0,0.125,0.0,0.0,0.0,0.0,1,1.125,0,Mrs,2
0.4134242256253898,0.0490622854954548,0.5,0.125,0.0,1.0,0.0,0.0,0,1.125,0,Mr,2
1.8395727946781235,0.0490622854954548,0.0,0.0,0.0,0.0,0.0,0.0,1,1.0,1,Miss,2
2.9755431016561564,-0.4120367744322922,0.0,0.0,0.0,0.0,0.0,0.0,1,1.0,1,Miss,2
10.737336289931395,-0.8731358343600393,0.0,0.25,0.3333333333333333,0.0,0.0,0.0,1,1.5833333333333333,0,Miss,2
0.5000433095419583,-0.2583370877897099,0.5,0.125,0.1666666666666666,0.0,0.0,1.0,0,1.2916666666666665,0,Mrs,1
-0.2840412999792114,-0.1046374011471275,1.0,0.0,0.0,1.0,0.0,1.0,0,1.0,1,Mr,1
0.5108706950315294,1.0481102486722402,0.5,0.125,0.1666666666666666,1.0,0.0,1.0,0,1.2916666666666665,0,Mr,3
-0.2858429769246761,-0.2583370877897099,1.0,0.0,0.0,0.0,0.0,1.0,1,1.0,1,Miss,1
0.5000433095419583,-0.4120367744322922,0.5,0.125,0.0,0.0,0.0,1.0,1,1.125,0,Mrs,2
-0.0196711939574527,1.893458525206443,0.5,0.0,0.0,1.0,0.0,1.0,0,1.0,1,Dr,1
6.51429647980043,0.125912128816746,0.0,0.0,0.3333333333333333,0.0,0.0,1.0,1,1.3333333333333333,0,Miss,2
5.199128612015799,0.8175607187083667,0.0,0.125,0.1666666666666666,0.0,0.0,0.0,1,1.2916666666666665,0,Mrs,2
-0.3120106021758714,-0.5657364610748746,1.0,0.0,0.0,1.0,0.0,1.0,0,1.0,1,Mr,1
-0.2840412999792114,-0.1814872444684187,1.0,0.0,0.0,1.0,0.0,1.0,0,1.0,1,Mr,1
-0.0911319381886217,0.0490622854954548,0.5,0.0,0.0,0.0,1.0,0.0,1,1.0,1,Miss,1
0.629971935416811,-0.5657364610748746,0.5,0.125,0.1666666666666666,0.0,0.0,1.0,1,1.2916666666666665,0,Mrs,2
2.3861738618252373,-0.1046374011471275,1.0,1.0,0.3333333333333333,1.0,0.0,1.0,0,2.333333333333333,0,Mr,7
5.248211315917122,0.5101613454232019,0.0,0.0,0.0,0.0,0.0,0.0,1,1.0,1,Miss,3
-0.3558615134086341,2.4314074284554814,1.0,0.0,0.0,1.0,0.0,1.0,0,1.0,1,Mr,1
-0.0629807359157369,0.5101613454232019,0.5,0.0,0.0,0.0,0.0,1.0,1,1.0,1,Mrs,1
0.2629235673203519,0.125912128816746,1.0,0.125,0.1666666666666666,0.0,0.0,1.0,1,1.2916666666666665,0,Mrs,3
1.8850478137343216,-1.0268355210026217,0.0,0.0,0.1666666666666666,0.0,0.0,0.0,1,1.1666666666666665,0,Miss,2
0.3809420691566765,-0.1046374011471275,1.0,0.25,0.0,0.0,1.0,0.0,1,1.25,0,Miss,2
0.6083171644376689,1.2402348569754682,0.0,0.0,0.0,1.0,0.0,1.0,0,1.0,1,Mr,1
6.020385801399765,0.6638610320657843,0.0,0.0,0.1666666666666666,1.0,0.0,1.0,0,1.1666666666666665,0,Mr,3
0.1535669738756842,-1.0268355210026217,1.0,0.25,0.0,1.0,0.0,1.0,0,1.25,0,Mr,2
5.162315501351258,-0.1046374011471275,0.0,0.125,0.0,0.0,0.0,1.0,1,1.125,0,Mrs,2
-0.2840412999792114,-0.1046374011471275,1.0,0.0,0.0,1.0,0.0,1.0,0,1.0,1,Mr,1
2.2584107130482987,-0.0277875578258363,0.0,0.125,0.0,1.0,0.0,1.0,0,1.125,0,Mr,2
5.199128612015799,0.8944105620296577,0.0,0.0,0.0,0.0,0.0,0.0,1,1.0,1,Miss,2
-0.277362968609244,1.2018099353148226,1.0,0.0,0.0,1.0,0.0,1.0,1,1.0,1,Mr,1
0.9114839581456586,1.2018099353148226,0.0,0.0,0.0,1.0,0.0,1.0,0,1.0,1,Mr,1
0.5000433095419583,-2.1027333275006983,0.5,0.125,0.1666666666666666,1.0,0.0,1.0,1,1.2916666666666665,0,Master,3
10.764404753655324,-0.4120367744322922,0.0,0.375,0.3333333333333333,0.0,0.0,1.0,1,1.7083333333333333,0,Miss,4
-0.0629807359157369,-0.1046374011471275,0.5,0.0,0.0,1.0,0.0,1.0,0,1.0,1,Mr,1
-0.0629807359157369,-0.335186931111001,0.5,0.0,0.0,1.0,0.0,1.0,0,1.0,1,Mr,1
-0.0629807359157369,0.5101613454232019,0.5,0.0,0.0,1.0,0.0,1.0,0,1.0,1,Mr,1
-0.0629807359157369,-0.4120367744322922,0.5,0.0,0.0,0.0,0.0,1.0,1,1.0,1,Miss,1
-0.0629807359157369,0.8175607187083667,0.5,0.0,0.0,0.0,0.0,1.0,1,1.0,1,Miss,1
0.0712788441549442,-0.1046374011471275,1.0,0.125,0.0,0.0,0.0,1.0,1,1.125,0,Mrs,1
0.0626169357632873,-2.025883484179407,1.0,0.125,0.1666666666666666,1.0,0.0,1.0,1,1.2916666666666665,0,Master,2
-0.2508358741597949,0.9712604053509488,1.0,0.0,0.0,1.0,0.0,1.0,0,1.0,1,Mr,1
-0.22647425680826,-0.4888866177535834,1.0,0.0,0.0,1.0,0.0,1.0,0,1.0,1,Mr,1
0.8898291871665165,-0.1046374011471275,0.0,0.0,0.0,1.0,0.0,1.0,0,1.0,1,Mr,1
-0.3129114406486037,-1.1036853643239128,1.0,0.125,0.1666666666666666,1.0,0.0,0.0,0,1.2916666666666665,0,Mr,1
0.1449050654840274,-0.335186931111001,1.0,0.125,0.0,1.0,0.0,1.0,0,1.125,0,Mr,2
-0.3130933407248285,-0.1046374011471275,1.0,0.0,0.0,1.0,0.0,0.0,0,1.0,1,Mr,1
-0.2145641327697318,-0.1046374011471275,1.0,0.0,0.0,1.0,0.0,1.0,0,1.0,1,Mr,1
1.7560200263322014,-0.5657364610748746,0.0,0.0,0.1666666666666666,0.0,0.0,1.0,1,1.1666666666666665,0,Miss,2
-0.0629807359157369,0.6638610320657843,0.5,0.0,0.0,0.0,0.0,1.0,0,1.0,1,Miss,1
-0.2847602383757189,-0.1046374011471275,1.0,0.0,0.0,0.0,1.0,0.0,1,1.0,1,Miss,1
-0.2847602383757189,-0.1046374011471275,1.0,0.0,0.0,0.0,1.0,0.0,1,1.0,1,Miss,1
0.5823314392626983,0.8175607187083667,1.0,0.125,0.6666666666666666,1.0,0.0,1.0,0,1.7916666666666665,0,Mr,6
0.5745703693437738,-0.0277875578258363,0.5,0.125,0.0,1.0,0.0,0.0,0,1.125,0,Mr,1
0.0,1.2018099353148226,1.0,0.0,0.1666666666666666,0.0,0.0,0.0,0,1.1666666666666665,0,Mrs,2
-0.3206725105675282,0.4333115021019107,1.0,0.0,0.0,1.0,0.0,1.0,0,1.0,1,Mr,1
0.0452931189799736,-0.1046374011471275,1.0,0.125,0.0,1.0,1.0,0.0,0,1.125,0,Mr,2
-0.3120106021758714,0.0490622854954548,1.0,0.0,0.0,1.0,0.0,1.0,0,1.0,1,Mr,1
2.633038250987457,2.3545575851341902,0.0,0.125,0.0,0.0,0.0,0.0,1,1.125,0,Mrs,1
-0.3129114406486037,-0.1046374011471275,1.0,0.0,0.0,0.0,0.0,0.0,1,1.0,1,Mrs,1
-0.2903558311967292,-0.1046374011471275,1.0,0.0,0.0,0.0,1.0,0.0,1,1.0,1,Miss,1
2.375346476335666,-0.4120367744322922,0.0,0.0,0.0,0.0,0.0,0.0,1,1.0,1,Mme,2
1.7751498510151755,-0.335186931111001,0.0,0.125,0.0,1.0,0.0,0.0,1,1.125,0,Mr,1
-0.3446746587208094,-0.8731358343600393,1.0,0.125,0.0,1.0,0.0,1.0,0,1.125,0,Mr,1
-0.277362968609244,-0.7962859910387481,1.0,0.0,0.0,1.0,0.0,1.0,0,1.0,1,Mr,1
5.248211315917122,-0.5657364610748746,0.0,0.0,0.0,1.0,0.0,0.0,0,1.0,1,Mr,3
0.2867438153974083,-2.025883484179407,1.0,0.375,0.1666666666666666,0.0,0.0,1.0,0,1.5416666666666665,0,Miss,4
2.9327749289723517,-0.1046374011471275,0.0,0.125,0.0,0.0,0.0,0.0,1,1.125,0,Mrs,2
-0.3120106021758714,-0.5657364610748746,1.0,0.0,0.0,0.0,0.0,1.0,1,1.0,1,Miss,1
8.533963342803686,-0.1814872444684187,0.0,0.0,0.3333333333333333,1.0,0.0,0.0,0,1.3333333333333333,0,Mr,1
-0.4522252442658167,-0.719436147717457,1.0,0.0,0.0,1.0,0.0,0.0,0,1.0,1,Mr,1
-0.2892730926477721,-0.7962859910387481,1.0,0.0,0.0,1.0,0.0,1.0,0,1.0,1,Mr,1
9.227998752685192,0.9712604053509488,0.0,0.0,0.0,0.0,0.0,0.0,1,1.0,1,Miss,4
0.0557610352712909,-2.179583170821989,1.0,0.0,0.3333333333333333,0.0,0.0,0.0,1,1.3333333333333333,0,Miss,2
-0.2827766613540295,0.2027619721380371,1.0,0.0,0.0,1.0,0.0,1.0,0,1.0,1,Mr,1
1.6260914004573488,0.4333115021019107,0.0,0.125,0.0,0.0,0.0,1.0,1,1.125,0,Mrs,2
-0.2840412999792114,-0.1046374011471275,1.0,0.0,0.0,1.0,0.0,1.0,0,1.0,1,Mr,1
2.55724655256046,-0.8731358343600393,0.5,0.0,0.0,1.0,0.0,1.0,0,1.0,1,Mr,5
1.405212736470099,-2.179583170821989,1.0,0.625,0.3333333333333333,1.0,0.0,1.0,0,1.9583333333333333,0,Master,6
-0.0629807359157369,0.5101613454232019,0.5,0.0,0.0,0.0,0.0,1.0,1,1.0,1,Miss,1
-0.2912566696694615,-0.1046374011471275,1.0,0.0,0.0,1.0,1.0,0.0,0,1.0,1,Mr,1
-0.1062902778740212,-0.9499856776813304,0.5,0.0,0.0,0.0,0.0,0.0,1,1.0,1,Miss,1
4.571140253620677,0.5101613454232019,0.0,0.125,0.3333333333333333,1.0,0.0,1.0,1,1.4583333333333333,0,Mr,4
-0.2883722541750398,-0.6425863043961658,1.0,0.0,0.0,1.0,0.0,1.0,1,1.0,1,Mr,1
-0.2827766613540295,-0.1046374011471275,1.0,0.25,0.0,1.0,0.0,1.0,0,1.25,0,Mr,1
4.279883583951216,-0.4888866177535834,0.0,0.125,0.0,0.0,0.0,0.0,1,1.125,0,Miss,3
0.0972645693299147,-0.4120367744322922,1.0,0.0,0.3333333333333333,0.0,0.0,1.0,1,1.3333333333333333,0,Mrs,2
-0.2883722541750398,-0.5657364610748746,1.0,0.0,0.0,1.0,0.0,1.0,0,1.0,1,Mr,1
-0.2858429769246761,0.125912128816746,1.0,0.0,0.0,0.0,0.0,1.0,0,1.0,1,Miss,1
0.5000433095419583,1.2786597786361138,0.5,0.0,0.0,1.0,0.0,1.0,0,1.0,1,Mr,2
-0.1712545908114476,-0.4888866177535834,0.5,0.0,0.0,1.0,0.0,1.0,0,1.0,1,Dr,1
-0.0781390756011364,-0.1046374011471275,0.5,0.0,0.0,0.0,0.0,1.0,1,1.0,1,Mrs,1
-0.2827766613540295,0.7407108753870755,1.0,0.0,0.0,1.0,0.0,1.0,1,1.0,1,Mr,1
-0.277362968609244,-0.2583370877897099,1.0,0.0,0.0,1.0,0.0,1.0,0,1.0,1,Mr,1
-0.2004885316332894,-0.6425863043961658,1.0,0.125,0.0,0.0,0.0,1.0,0,1.125,0,Miss,1
0.0604514586653731,-0.1046374011471275,1.0,0.125,0.0,1.0,0.0,1.0,0,1.125,0,Mr,2
-0.2508358741597949,-0.719436147717457,1.0,0.0,0.0,0.0,0.0,1.0,0,1.0,1,Miss,1
0.283495599750537,0.3564616587806195,0.5,0.125,0.0,1.0,0.0,1.0,0,1.125,0,Mr,1
-0.2903558311967292,1.6629089952425695,1.0,0.0,0.0,1.0,0.0,1.0,0,1.0,1,Mr,1
0.1860491303443974,-2.025883484179407,0.5,0.125,0.1666666666666666,1.0,0.0,1.0,1,1.2916666666666665,0,Master,3
-0.2892730926477721,-0.6425863043961658,1.0,0.0,0.0,1.0,0.0,1.0,0,1.0,1,Mr,1
0.4769463308156052,-0.1046374011471275,1.0,0.375,0.1666666666666666,0.0,0.0,1.0,0,1.5416666666666665,0,Miss,4
-0.2840412999792114,-0.1046374011471275,1.0,0.0,0.0,1.0,0.0,1.0,0,1.0,1,Mr,1
-0.3289749497609313,-0.1046374011471275,1.0,0.0,0.0,1.0,1.0,0.0,0,1.0,1,Mr,1
3.27185399487215,0.2796118154593283,0.0,0.125,0.0,0.0,1.0,0.0,1,1.125,0,Miss,2
-0.6260047813734322,-0.1046374011471275,0.5,0.0,0.0,1.0,0.0,1.0,0,1.0,1,Mr,3
-0.2827766613540295,1.1249600919935314,1.0,0.0,0.0,1.0,0.0,1.0,1,1.0,1,Mr,1
-0.277362968609244,-0.1046374011471275,1.0,0.0,0.0,0.0,0.0,1.0,0,1.0,1,Mrs,1
0.7815553322708059,0.3564616587806195,0.5,0.125,0.1666666666666666,0.0,0.0,1.0,1,1.2916666666666665,0,Mrs,1
-0.0629807359157369,-0.8731358343600393,0.5,0.0,0.3333333333333333,0.0,0.0,1.0,1,1.3333333333333333,0,Miss,1
-0.0629807359157369,0.0490622854954548,0.5,0.0,0.0,1.0,0.0,1.0,0,1.0,1,Mr,1
0.4199206569191323,-1.4879345809303688,1.0,0.0,0.3333333333333333,0.0,0.0,1.0,0,1.3333333333333333,0,Miss,3
-0.2840412999792114,-0.1046374011471275,1.0,0.0,0.0,1.0,0.0,0.0,0,1.0,1,Mr,1
-0.2910791005474326,-0.6425863043961658,1.0,0.0,0.0,1.0,1.0,0.0,0,1.0,1,Mr,1
-0.2849421384519437,-0.0277875578258363,1.0,0.0,0.0,1.0,0.0,1.0,0,1.0,1,Mr,1
-0.0023473771741389,-0.1046374011471275,1.0,0.125,0.1666666666666666,0.0,0.0,1.0,0,1.2916666666666665,0,Mrs,2
0.2493893354583881,-0.8731358343600393,1.0,0.125,0.1666666666666666,1.0,0.0,1.0,0,1.2916666666666665,0,Mr,2
-0.3120106021758714,-0.1046374011471275,1.0,0.0,0.0,1.0,0.0,1.0,0,1.0,1,Mr,1
0.5000433095419583,-0.1046374011471275,0.5,0.125,0.0,0.0,0.0,1.0,1,1.125,0,Mrs,1
0.5000433095419583,-0.7962859910387481,0.5,0.0,0.0,0.0,0.0,1.0,1,1.0,1,Miss,2
-0.2903558311967292,-0.1046374011471275,1.0,0.0,0.0,1.0,1.0,0.0,0,1.0,1,Mr,1
-0.277362968609244,0.2027619721380371,1.0,0.0,0.0,1.0,0.0,1.0,1,1.0,1,Mr,1
0.5238635576190146,-0.1046374011471275,0.0,0.0,0.0,1.0,0.0,1.0,1,1.0,1,Mr,1
0.0712788441549442,-0.1046374011471275,1.0,0.125,0.0,0.0,0.0,1.0,1,1.125,0,Mrs,2
0.5000433095419583,0.9712604053509488,0.5,0.125,0.0,0.0,0.0,1.0,1,1.125,0,Mrs,1
-0.3174242949206569,-0.9499856776813304,1.0,0.0,0.0,1.0,0.0,1.0,0,1.0,1,Mr,1
1.7949986140946572,1.5860591519212783,0.0,0.125,0.0,1.0,0.0,1.0,0,1.125,0,Mr,2
4.571140253620677,-1.180535207645204,0.0,0.125,0.3333333333333333,0.0,0.0,1.0,1,1.4583333333333333,0,Miss,4
0.8627607234425888,-0.6425863043961658,1.0,0.25,0.3333333333333333,0.0,0.0,1.0,0,1.5833333333333333,0,Miss,4
0.1860491303443974,-0.4120367744322922,0.5,0.25,0.5,0.0,0.0,1.0,1,1.75,0,Mrs,3
10.764404753655324,2.661956958419355,0.0,0.125,0.6666666666666666,1.0,0.0,1.0,0,1.7916666666666665,0,Mr,4
-0.1712545908114476,0.125912128816746,0.5,0.0,0.0,1.0,0.0,1.0,0,1.0,1,Mr,1
0.5108706950315294,1.2018099353148226,0.5,0.125,0.1666666666666666,0.0,0.0,1.0,1,1.2916666666666665,0,Mrs,3
-0.2145641327697318,-0.719436147717457,1.0,0.0,0.0,1.0,0.0,1.0,0,1.0,1,Mr,1
-0.2892730926477721,-0.335186931111001,1.0,0.125,0.0,1.0,0.0,1.0,0,1.125,0,Mr,1
-0.0629807359157369,-0.1046374011471275,0.5,0.0,0.0,0.0,0.0,1.0,1,1.0,1,Ms,1
-0.2746561222368512,-0.1046374011471275,1.0,0.0,0.0,1.0,0.0,1.0,1,1.0,1,Mr,1
2.919240697110387,-1.949033640858116,0.0,0.0,0.3333333333333333,1.0,0.0,1.0,1,1.3333333333333333,0,Master,1
0.2185312868131106,-1.2573850509664952,0.5,0.0,0.1666666666666666,0.0,0.0,1.0,1,1.1666666666666665,0,Miss,2
0.5238635576190146,0.3564616587806195,0.0,0.0,0.0,1.0,0.0,1.0,1,1.0,1,Mr,1
0.2080633705217932,-1.8721837975368247,1.0,0.25,0.1666666666666666,0.0,0.0,0.0,1,1.4166666666666665,0,Miss,4
0.6949362483542374,1.7397588385638607,0.0,0.0,0.0,1.0,0.0,1.0,1,1.0,1,Major,1
0.5758350079689557,0.5101613454232019,0.5,0.125,0.3333333333333333,1.0,0.0,1.0,0,1.4583333333333333,0,Mr,3
0.2387438500450419,-0.1046374011471275,1.0,0.125,0.0,1.0,0.0,1.0,0,1.125,0,Mr,1
0.5758350079689557,0.0490622854954548,0.0,0.0,0.0,1.0,0.0,0.0,0,1.0,1,Mr,1
3.2330573071859194,1.5092093085999871,0.0,0.125,0.0,1.0,0.0,0.0,1,1.125,0,Mr,2
-0.277362968609244,-0.1046374011471275,1.0,0.0,0.0,1.0,0.0,1.0,0,1.0,1,Mr,1
-0.2840412999792114,-0.0277875578258363,1.0,0.0,0.0,1.0,0.0,0.0,1,1.0,1,Mr,1
0.5238635576190146,2.738806801740646,0.0,0.0,0.0,1.0,0.0,1.0,0,1.0,1,Mr,1
1.6201363384380845,-0.1046374011471275,0.0,0.125,0.0,0.0,0.0,1.0,1,1.125,0,Mrs,1
-0.1712545908114476,1.5860591519212783,0.5,0.0,0.0,0.0,0.0,1.0,1,1.0,1,Miss,1
-0.2903558311967292,-0.1046374011471275,1.0,0.0,0.0,1.0,1.0,0.0,0,1.0,1,Mr,1
0.5238635576190146,1.432359465278696,0.0,0.0,0.0,1.0,0.0,1.0,1,1.0,1,Mr,1
-0.277362968609244,0.3564616587806195,1.0,0.0,0.0,1.0,0.0,1.0,0,1.0,1,Mr,1
1.0414125840205113,1.3555096219574048,0.0,0.0,0.0,1.0,0.0,1.0,0,1.0,1,Mr,1
-0.0629807359157369,1.432359465278696,0.5,0.0,0.0,1.0,0.0,1.0,0,1.0,1,Mr,1
-0.277362968609244,-0.1046374011471275,1.0,0.0,0.0,1.0,0.0,1.0,0,1.0,1,Mr,1
-0.3206725105675282,0.6638610320657843,1.0,0.0,0.0,1.0,0.0,1.0,0,1.0,1,Mr,1
-0.6260047813734322,-0.1046374011471275,0.5,0.0,0.0,1.0,0.0,1.0,0,1.0,1,Mr,3
0.5238635576190146,2.047158211849025,0.0,0.0,0.0,1.0,0.0,1.0,0,1.0,1,Mr,1
-0.2914385697456864,-0.1046374011471275,1.0,0.0,0.0,1.0,1.0,0.0,0,1.0,1,Mr,1
0.2080633705217932,-2.1987956316523123,1.0,0.25,0.1666666666666666,0.0,0.0,0.0,1,1.4166666666666665,0,Miss,4
-0.3120106021758714,-0.1046374011471275,1.0,0.0,0.0,1.0,0.0,1.0,0,1.0,1,Mr,1
-0.2508358741597949,0.6638610320657843,1.0,0.0,0.0,1.0,0.0,1.0,0,1.0,1,Mr,1
0.5758350079689557,0.2796118154593283,0.5,0.125,0.3333333333333333,0.0,0.0,1.0,1,1.4583333333333333,0,Mrs,3
-0.0286925715473632,-0.4888866177535834,0.5,0.0,0.0,0.0,0.0,0.0,1,1.0,1,Mrs,1
-0.1999471623588108,-0.5657364610748746,1.0,0.0,0.0,0.0,0.0,1.0,0,1.0,1,Miss,1
1.6260914004573488,-0.1046374011471275,0.0,0.0,0.0,1.0,0.0,1.0,0,1.0,1,Mr,2
0.283495599750537,0.3564616587806195,0.5,0.125,0.0,1.0,0.0,1.0,0,1.125,0,Mr,2
-0.320854410643753,-0.0277875578258363,1.0,0.125,0.0,1.0,0.0,1.0,0,1.125,0,Mr,1
-0.300282378213568,-0.5657364610748746,1.0,0.0,0.0,1.0,0.0,1.0,0,1.0,1,Mr,1
-0.0938387845610145,-2.1027333275006983,1.0,0.0,0.1666666666666666,0.0,0.0,1.0,1,1.1666666666666665,0,Miss,1
1.405212736470099,-1.56478442425166,1.0,0.625,0.3333333333333333,1.0,0.0,1.0,0,1.9583333333333333,0,Master,6
-0.6260047813734322,-0.1046374011471275,0.5,0.0,0.0,1.0,0.0,1.0,0,1.0,1,Mr,1
-0.277362968609244,1.5860591519212783,1.0,0.0,0.0,1.0,0.0,1.0,0,1.0,1,Mr,1
-0.2107745478483819,2.585107115098064,1.0,0.0,0.0,0.0,0.0,1.0,1,1.0,1,Mrs,1
3.3185936525535307,-0.335186931111001,0.0,0.125,0.0,1.0,0.0,0.0,1,1.125,0,Mr,2
0.4769463308156052,-0.1046374011471275,1.0,0.375,0.1666666666666666,0.0,0.0,1.0,0,1.5416666666666665,0,Miss,4
3.27185399487215,0.4333115021019107,0.0,0.125,0.0,0.0,0.0,1.0,1,1.125,0,Mrs,2
0.6602886147876099,2.200857898491608,0.0,0.0,0.0,1.0,0.0,0.0,0,1.0,1,Mr,1
-0.277362968609244,0.0490622854954548,1.0,0.0,0.0,1.0,0.0,1.0,0,1.0,1,Mr,1
0.0626169357632873,-1.56478442425166,1.0,0.125,0.1666666666666666,1.0,0.0,1.0,1,1.2916666666666665,0,Master,2
0.2387438500450419,-0.1046374011471275,1.0,0.125,0.0,1.0,0.0,1.0,0,1.125,0,Mr,1
-0.3120106021758714,-0.6425863043961658,1.0,0.0,0.0,1.0,0.0,1.0,0,1.0,1,Mr,1
0.6949362483542374,1.9703083685277345,0.0,0.0,0.0,1.0,0.0,1.0,0,1.0,1,Mr,1
1.5179994456378627,3.1999058616683933,0.0,0.0,0.0,1.0,0.0,0.0,0,1.0,1,Mr,1
-0.277362968609244,-0.6425863043961658,1.0,0.0,0.0,1.0,0.0,1.0,0,1.0,1,Mr,1
0.0001775691220289,-0.1046374011471275,1.0,0.0,0.0,1.0,0.0,0.0,0,1.0,1,Mr,2
2.7636901462130137,1.893458525206443,0.0,0.125,0.0,0.0,0.0,0.0,1,1.125,0,Miss,2
0.0279693021966599,-0.1046374011471275,1.0,0.0,0.0,1.0,0.0,1.0,0,1.0,1,Mr,1
5.937556302404546,-0.335186931111001,0.0,0.125,0.3333333333333333,0.0,0.0,1.0,0,1.4583333333333333,0,Mrs,4
-0.2883722541750398,-0.4120367744322922,1.0,0.0,0.0,1.0,0.0,1.0,0,1.0,1,Mr,1
-0.2508358741597949,-0.9499856776813304,1.0,0.0,0.0,1.0,0.0,1.0,0,1.0,1,Mr,1
-0.2903558311967292,-0.6425863043961658,1.0,0.0,0.0,0.0,1.0,0.0,0,1.0,1,Miss,1
-0.29558762386529,-0.1046374011471275,1.0,0.0,0.0,0.0,1.0,0.0,0,1.0,1,Miss,1
-0.2107745478483819,0.5870111887444931,1.0,0.0,0.0,0.0,0.0,1.0,0,1.0,1,Miss,1
3.120270598018155,-1.0268355210026217,0.0,0.0,0.0,0.0,0.0,1.0,1,1.0,1,Miss,3
4.090404337883722,-0.8731358343600393,0.0,0.125,0.0,1.0,0.0,0.0,0,1.125,0,Mr,2
0.5000433095419583,0.2796118154593283,0.5,0.0,0.3333333333333333,0.0,0.0,1.0,1,1.3333333333333333,0,Mrs,2
0.5238635576190146,-0.1046374011471275,0.0,0.0,0.0,1.0,0.0,1.0,1,1.0,1,Mr,1
0.3495426512369204,-0.1046374011471275,1.0,0.0,0.0,1.0,0.0,1.0,0,1.0,1,Mr,1
1.8208024391934032,-0.2583370877897099,1.0,0.0,0.0,1.0,0.0,1.0,1,1.0,1,Mr,7
-0.2903558311967292,-0.0277875578258363,1.0,0.0,0.0,1.0,1.0,0.0,1,1.0,1,Mr,1
-0.277362968609244,-0.1046374011471275,1.0,0.0,0.0,1.0,0.0,1.0,0,1.0,1,Mr,1
0.5124948028549651,0.5101613454232019,0.0,0.0,0.0,1.0,0.0,1.0,1,1.0,1,Mr,1
1.946582010948652,1.893458525206443,0.0,0.125,0.0,0.0,0.0,0.0,1,1.125,0,Mrs,1
-0.3013651167625251,-0.4120367744322922,1.0,0.0,0.0,1.0,0.0,1.0,0,1.0,1,Mr,1
0.8474204836809646,1.3555096219574048,0.0,0.0,0.0,1.0,0.0,1.0,0,1.0,1,Mr,1
-0.1712545908114476,0.3564616587806195,0.5,0.0,0.0,0.0,0.0,1.0,1,1.0,1,Mrs,1
0.4199206569191323,-0.1046374011471275,1.0,0.0,0.0,1.0,1.0,0.0,0,1.0,1,Mr,3
0.5000433095419583,0.5101613454232019,0.5,0.125,0.0,0.0,0.0,1.0,1,1.125,0,Mrs,1
-0.2840412999792114,0.2027619721380371,1.0,0.0,0.0,1.0,0.0,1.0,0,1.0,1,Mr,1
3.423437391726145,0.0490622854954548,0.0,0.0,0.0,0.0,0.0,1.0,1,1.0,1,Miss,2
-0.2840412999792114,-0.5657364610748746,1.0,0.0,0.0,1.0,0.0,1.0,0,1.0,1,Mr,1
-0.3130933407248285,-0.1046374011471275,1.0,0.0,0.0,1.0,0.0,0.0,0,1.0,1,Mr,1
1.8850478137343216,1.1249600919935314,0.0,0.0,0.1666666666666666,0.0,0.0,0.0,1,1.1666666666666665,0,Mrs,2
-0.3129114406486037,-0.1046374011471275,1.0,0.0,0.0,1.0,0.0,0.0,0,1.0,1,Mr,1
-0.2903558311967292,0.8559856403690123,1.0,0.0,0.0,1.0,1.0,0.0,0,1.0,1,Mr,1
-0.1712545908114476,1.5860591519212783,0.5,0.0,0.0,0.0,0.0,1.0,1,1.0,1,Miss,1
8.97915078650128,-0.1046374011471275,0.0,0.0,0.0,1.0,0.0,1.0,0,1.0,1,Mr,1
-0.2827766613540295,0.7407108753870755,1.0,0.0,0.0,1.0,0.0,1.0,0,1.0,1,Mr,1
-0.1279450488531633,-0.4888866177535834,0.5,0.25,0.1666666666666666,1.0,0.0,1.0,0,1.4166666666666665,0,Mr,1
0.5000433095419583,-2.1027333275006983,0.5,0.125,0.1666666666666666,0.0,0.0,1.0,1,1.2916666666666665,0,Miss,2
-0.3129114406486037,-0.1046374011471275,1.0,0.0,0.0,1.0,0.0,0.0,0,1.0,1,Mr,1
-0.3129114406486037,-0.9499856776813304,1.0,0.125,0.1666666666666666,1.0,0.0,0.0,0,1.2916666666666665,0,Mr,1
0.3423229505924745,-0.1046374011471275,1.0,0.0,0.3333333333333333,0.0,0.0,0.0,1,1.3333333333333333,0,Mrs,2
-0.2508358741597949,0.0490622854954548,1.0,0.0,0.0,0.0,0.0,1.0,0,1.0,1,Miss,1
0.5108706950315294,-1.7184841108942424,0.5,0.0,0.3333333333333333,0.0,0.0,1.0,1,1.3333333333333333,0,Miss,3
0.5238635576190146,1.2018099353148226,0.0,0.0,0.0,1.0,0.0,1.0,0,1.0,1,Major,1
3.983213221536969,0.0490622854954548,0.0,0.0,0.0,0.0,0.0,0.0,1,1.0,1,Miss,2
0.0019835770216894,-0.1046374011471275,1.0,0.0,0.0,1.0,0.0,1.0,0,1.0,1,Mr,1
1.517817545561638,-0.5657364610748746,0.0,0.0,0.3333333333333333,0.0,0.0,0.0,1,1.3333333333333333,0,Miss,1
2.448972697664749,0.5101613454232019,0.0,0.0,0.3333333333333333,0.0,0.0,1.0,1,1.3333333333333333,0,Miss,2
0.7285011433719076,-1.56478442425166,1.0,0.5,0.3333333333333333,0.0,0.0,1.0,0,1.8333333333333333,0,Miss,7
0.7285011433719076,-1.4110847376090776,1.0,0.5,0.3333333333333333,0.0,0.0,1.0,0,1.8333333333333333,0,Miss,7
0.5000433095419583,0.2027619721380371,0.5,0.125,0.0,1.0,0.0,1.0,1,1.125,0,Mr,2
3.983213221536969,1.5860591519212783,0.0,0.125,0.0,1.0,0.0,0.0,0,1.125,0,Mr,2
0.5000433095419583,2.661956958419355,0.0,0.0,0.0,1.0,0.0,1.0,0,1.0,1,Mr,1
0.5000433095419583,-0.7962859910387481,0.5,0.125,0.0,0.0,0.0,1.0,1,1.125,0,Mrs,2
-0.0256262559767167,-0.1046374011471275,0.5,0.0,0.0,1.0,0.0,0.0,1,1.0,1,Mr,1
0.2629235673203519,0.2796118154593283,1.0,0.125,0.1666666666666666,1.0,0.0,1.0,0,1.2916666666666665,0,Mr,3
0.965620885593514,-1.6416342675729512,0.5,0.125,0.1666666666666666,1.0,0.0,1.0,1,1.2916666666666665,0,Master,2
4.176300152449588,-0.9499856776813304,0.0,0.0,0.3333333333333333,1.0,0.0,0.0,1,1.3333333333333333,0,Mr,4
0.5000433095419583,-0.1814872444684187,0.5,0.0,0.0,1.0,0.0,1.0,0,1.0,1,Mr,1
-0.2869257154736331,-0.1046374011471275,1.0,0.0,0.0,1.0,1.0,0.0,0,1.0,1,Mr,1
-0.3130933407248285,-0.5657364610748746,1.0,0.0,0.0,1.0,0.0,0.0,1,1.0,1,Mr,1
-0.2892730926477721,-0.5657364610748746,1.0,0.0,0.0,0.0,0.0,1.0,1,1.0,1,Miss,1
0.5238635576190146,2.5082572717767726,0.0,0.0,0.0,1.0,0.0,1.0,0,1.0,1,Mr,1
1.089053080174624,1.432359465278696,0.0,0.125,0.0,0.0,0.0,0.0,1,1.125,0,Lady,1
9.227998752685192,-0.1046374011471275,0.0,0.0,0.0,1.0,0.0,0.0,0,1.0,1,Mr,4
2.8236002356039083,0.7407108753870755,0.0,0.125,0.1666666666666666,0.0,0.0,1.0,1,1.2916666666666665,0,Mrs,3
0.1275812487007136,0.5101613454232019,1.0,0.125,0.0,0.0,0.0,1.0,1,1.125,0,Mrs,1
-0.2903558311967292,-0.1046374011471275,1.0,0.0,0.0,1.0,1.0,0.0,0,1.0,1,Mr,1
-0.2840412999792114,0.8175607187083667,1.0,0.0,0.0,1.0,0.0,1.0,0,1.0,1,Mr,1
-0.0413259649365948,-0.1046374011471275,0.5,0.0,0.0,1.0,0.0,1.0,0,1.0,1,Mr,1
-0.277362968609244,-0.1046374011471275,1.0,0.0,0.0,1.0,0.0,1.0,0,1.0,1,Mr,1
-0.277362968609244,-0.1046374011471275,1.0,0.0,0.0,0.0,0.0,1.0,0,1.0,1,Miss,1
0.4199206569191323,-0.4120367744322922,1.0,0.25,0.0,1.0,0.0,1.0,0,1.25,0,Mr,2
-0.2840412999792114,-0.7962859910387481,1.0,0.0,0.0,1.0,0.0,1.0,0,1.0,1,Mr,1
0.2867438153974083,-0.0277875578258363,1.0,0.0,0.6666666666666666,0.0,0.0,1.0,0,1.6666666666666665,0,Mrs,4
-0.3129114406486037,-0.1046374011471275,1.0,0.0,0.0,1.0,0.0,0.0,0,1.0,1,Mr,1
-0.2858429769246761,0.2027619721380371,1.0,0.0,0.0,1.0,0.0,1.0,1,1.0,1,Mr,1
-0.1712545908114476,2.5082572717767726,0.5,0.0,0.0,1.0,0.0,1.0,1,1.0,1,Mr,1
1.6035357910054742,1.816608681885152,0.0,0.25,0.0,0.0,0.0,1.0,1,1.25,0,Mrs,1
0.5168257570507934,0.5101613454232019,0.0,0.0,0.0,1.0,0.0,1.0,1,1.0,1,Mr,1
-0.2903558311967292,-0.1046374011471275,1.0,0.0,0.0,0.0,1.0,0.0,1,1.0,1,Miss,1
-0.277362968609244,-1.0268355210026217,1.0,0.0,0.0,1.0,0.0,1.0,0,1.0,1,Mr,1
0.0019835770216894,-0.7962859910387481,1.0,0.0,0.0,1.0,0.0,1.0,0,1.0,1,Mr,2
-0.0629807359157369,0.3564616587806195,0.5,0.0,0.0,0.0,0.0,1.0,1,1.0,1,Miss,1
1.7949986140946572,0.7407108753870755,0.0,0.125,0.0,0.0,0.0,1.0,1,1.125,0,Mrs,2
0.0001775691220289,-0.1046374011471275,1.0,0.125,0.0,0.0,0.0,0.0,0,1.125,0,Mrs,1
-0.2827766613540295,0.2027619721380371,1.0,0.0,0.0,1.0,0.0,1.0,1,1.0,1,Mr,1
0.6732814773750952,-0.335186931111001,0.5,0.125,0.1666666666666666,0.0,0.0,1.0,1,1.2916666666666665,0,Miss,1
4.176300152449588,0.7407108753870755,0.0,0.125,0.1666666666666666,0.0,0.0,0.0,1,1.2916666666666665,0,Mrs,4
0.5000433095419583,1.893458525206443,0.5,0.0,0.0,1.0,0.0,1.0,0,1.0,1,Mr,2
1.1117905897027232,0.5101613454232019,0.0,0.0,0.0,1.0,0.0,0.0,0,1.0,1,Mr,1
-0.2486703970618806,-0.1046374011471275,1.0,0.0,0.0,1.0,0.0,0.0,0,1.0,1,Mr,1
2.8236002356039083,-0.8731358343600393,0.0,0.0,0.3333333333333333,0.0,0.0,1.0,1,1.3333333333333333,0,Miss,3
0.0236383480008315,1.3555096219574048,0.5,0.0,0.0,1.0,0.0,1.0,0,1.0,1,Mr,1
2.8041109417226804,2.3545575851341902,0.0,0.125,0.1666666666666666,1.0,0.0,0.0,1,1.2916666666666665,0,Mr,1
-0.277362968609244,-0.5657364610748746,1.0,0.0,0.0,1.0,0.0,1.0,0,1.0,1,Mr,1
-0.277362968609244,-0.1046374011471275,1.0,0.0,0.0,1.0,0.0,1.0,0,1.0,1,Mr,1
-0.3174242949206569,0.4333115021019107,1.0,0.0,0.0,1.0,0.0,1.0,0,1.0,1,Mr,1
2.7636901462130137,1.7397588385638607,0.0,0.125,0.0,0.0,0.0,0.0,1,1.125,0,Mrs,2
-0.3120106021758714,1.3555096219574048,1.0,0.0,0.0,1.0,0.0,1.0,0,1.0,1,Mr,1
-0.2903558311967292,-0.1046374011471275,1.0,0.0,0.3333333333333333,0.0,1.0,0.0,0,1.3333333333333333,0,Miss,1
0.5000433095419583,0.5870111887444931,0.5,0.125,0.0,1.0,0.0,1.0,0,1.125,0,Mr,1
0.4199206569191323,0.5101613454232019,1.0,0.125,0.1666666666666666,1.0,0.0,1.0,0,1.2916666666666665,0,Mr,3
0.803210103249948,-0.1046374011471275,0.5,0.0,0.0,0.0,0.0,1.0,1,1.0,1,Miss,3
-0.6260047813734322,1.5092093085999871,1.0,0.0,0.0,1.0,0.0,1.0,0,1.0,1,Mr,4
-0.3130933407248285,-0.1046374011471275,1.0,0.0,0.0,1.0,0.0,0.0,0,1.0,1,Mr,1
1.8395727946781235,1.5092093085999871,0.0,0.125,0.0,1.0,0.0,0.0,1,1.125,0,Sir,2
0.5433528515002425,-0.4120367744322922,0.5,0.25,0.1666666666666666,0.0,0.0,1.0,1,1.4166666666666665,0,Mrs,2
-0.2840412999792114,-0.1046374011471275,1.0,0.0,0.0,1.0,0.0,1.0,0,1.0,1,Mr,1
1.21031979765782,-0.1046374011471275,0.0,0.0,0.0,1.0,0.0,1.0,0,1.0,1,Mr,1
-0.277362968609244,1.1249600919935314,1.0,0.0,0.0,1.0,0.0,1.0,0,1.0,1,Mr,1
0.5238635576190146,0.4333115021019107,0.0,0.0,0.0,1.0,0.0,0.0,1,1.0,1,Mr,1
0.0474585960778879,0.5101613454232019,1.0,0.125,0.0,1.0,0.0,1.0,0,1.125,0,Mr,1
-0.2840412999792114,0.0490622854954548,1.0,0.0,0.0,1.0,0.0,1.0,0,1.0,1,Mr,1
0.6949362483542374,-0.1814872444684187,0.0,0.0,0.0,1.0,0.0,1.0,1,1.0,1,Mr,1
1.1747713256184602,-0.5657364610748746,0.5,0.125,0.3333333333333333,0.0,0.0,0.0,1,1.4583333333333333,0,Mrs,3
6.020385801399765,0.8175607187083667,0.0,0.0,0.0,0.0,0.0,1.0,1,1.0,1,Miss,3
0.7285011433719076,0.7407108753870755,1.0,0.125,0.8333333333333333,0.0,0.0,1.0,0,1.9583333333333333,0,Mrs,7
-0.3206725105675282,-0.1046374011471275,1.0,0.0,0.0,1.0,0.0,1.0,0,1.0,1,Mr,1
0.0452931189799736,-0.1046374011471275,1.0,0.125,0.0,0.0,1.0,0.0,1,1.125,0,Miss,2
-0.2903558311967292,-0.1046374011471275,1.0,0.0,0.0,1.0,1.0,0.0,0,1.0,1,Mr,1
-0.277362968609244,0.4333115021019107,1.0,0.0,0.0,1.0,0.0,1.0,0,1.0,1,Mr,1
2.189115445915044,-0.4120367744322922,0.5,0.125,0.3333333333333333,0.0,0.0,1.0,1,1.4583333333333333,0,Miss,2
-0.0023473771741389,0.3564616587806195,1.0,0.125,0.1666666666666666,1.0,0.0,1.0,0,1.2916666666666665,0,Mr,2
0.0712788441549442,-0.2583370877897099,1.0,0.125,0.0,0.0,0.0,1.0,0,1.125,0,Mrs,2
1.0630673549996534,-1.949033640858116,0.5,0.25,0.1666666666666666,0.0,0.0,1.0,1,1.4166666666666665,0,Miss,2
-0.1712545908114476,-0.2583370877897099,0.5,0.0,0.0,1.0,0.0,1.0,0,1.0,1,Mr,1
0.0,-0.1814872444684187,1.0,0.125,0.0,1.0,0.0,0.0,0,1.125,0,Mr,2
1.6500935486106298,0.9712604053509488,0.0,0.125,0.0,1.0,0.0,1.0,1,1.125,0,Mr,1
0.0557610352712909,-0.719436147717457,1.0,0.125,0.1666666666666666,1.0,0.0,0.0,1,1.2916666666666665,0,Mr,2
-0.2858429769246761,-0.6425863043961658,1.0,0.0,0.0,1.0,0.0,1.0,0,1.0,1,Mr,1
0.0712788441549442,-0.6425863043961658,1.0,0.0,0.0,1.0,0.0,1.0,0,1.0,1,Mr,2
0.7737942623518813,2.4314074284554814,0.0,0.0,0.0,1.0,0.0,1.0,0,1.0,1,Mr,1
-0.0911319381886217,2.1240080551703167,0.5,0.0,0.0,1.0,1.0,0.0,0,1.0,1,Rev,1
2.7503334834730784,-0.6425863043961658,0.0,0.0,0.0,0.0,0.0,1.0,1,1.0,1,Miss,3
-0.2840412999792114,-0.2583370877897099,1.0,0.0,0.0,1.0,0.0,1.0,0,1.0,1,Mr,1
-0.2910791005474326,-0.1046374011471275,1.0,0.0,0.0,1.0,1.0,0.0,0,1.0,1,Mr,1
0.6732814773750952,3.8915544515600136,0.0,0.0,0.0,1.0,0.0,1.0,1,1.0,1,Mr,1
-0.3204906104913034,1.6629089952425695,1.0,0.0,0.0,1.0,0.0,1.0,0,1.0,1,Mr,1
0.6949362483542374,0.2027619721380371,0.0,0.0,0.0,1.0,0.0,0.0,1,1.0,1,Dr,1
-0.6260047813734322,-0.1046374011471275,0.0,0.0,0.0,1.0,0.0,1.0,0,1.0,1,Mr,1
0.5823314392626983,-1.56478442425166,1.0,0.375,0.3333333333333333,0.0,0.0,1.0,0,1.7083333333333333,0,Miss,6
-0.0629807359157369,-0.1046374011471275,0.5,0.0,0.0,0.0,0.0,1.0,1,1.0,1,Miss,1
-0.2827766613540295,0.2027619721380371,1.0,0.0,0.0,1.0,0.0,1.0,0,1.0,1,Mr,1
0.5108706950315294,0.125912128816746,0.5,0.125,0.1666666666666666,1.0,0.0,1.0,0,1.2916666666666665,0,Mr,3
1.092842665095974,0.8944105620296577,1.0,0.0,0.8333333333333333,0.0,0.0,1.0,0,1.8333333333333333,0,Mrs,6
0.0712788441549442,-0.1046374011471275,1.0,0.125,0.0,1.0,0.0,1.0,0,1.125,0,Mr,2
-0.2858429769246761,-0.719436147717457,1.0,0.0,0.0,1.0,0.0,1.0,0,1.0,1,Mr,1
2.375346476335666,-0.4120367744322922,0.0,0.0,0.0,0.0,0.0,0.0,1,1.0,1,Mlle,2
0.5823314392626983,-2.1027333275006983,1.0,0.375,0.3333333333333333,0.0,0.0,1.0,0,1.7083333333333333,0,Miss,6
1.8208024391934032,-0.1046374011471275,1.0,0.0,0.0,1.0,0.0,1.0,1,1.0,1,Mr,7
0.2080633705217932,-2.1987956316523123,1.0,0.25,0.1666666666666666,0.0,0.0,0.0,1,1.4166666666666665,0,Miss,4
2.697101725452152,1.432359465278696,0.0,0.125,0.0,1.0,0.0,0.0,1,1.125,0,Mr,3
-0.2840412999792114,-0.7962859910387481,1.0,0.0,0.0,1.0,0.0,1.0,0,1.0,1,Mr,1
0.9114839581456586,2.047158211849025,0.0,0.0,0.0,1.0,0.0,0.0,1,1.0,1,Col,1
-0.2990177395883861,-0.1046374011471275,1.0,0.0,0.0,1.0,0.0,1.0,0,1.0,1,Mr,1
-0.2990177395883861,-0.4888866177535834,1.0,0.0,0.0,0.0,0.0,1.0,1,1.0,1,Miss,1
-0.2840412999792114,-0.1046374011471275,1.0,0.0,0.0,1.0,0.0,1.0,0,1.0,1,Mr,1
0.3701146836671055,-0.8731358343600393,0.5,0.0,0.1666666666666666,0.0,0.0,1.0,1,1.1666666666666665,0,Miss,2
-0.2607624211766337,-0.6425863043961658,1.0,0.0,0.0,1.0,0.0,1.0,0,1.0,1,Mr,1
-0.2869257154736331,-0.1046374011471275,1.0,0.0,0.0,0.0,1.0,0.0,1,1.0,1,Miss,1
-0.3336653731550135,-0.8731358343600393,1.0,0.0,0.0,0.0,1.0,0.0,0,1.0,1,Miss,1
2.55724655256046,-0.4120367744322922,0.5,0.25,0.0,1.0,0.0,1.0,0,1.25,0,Mr,5
-0.2840412999792114,-0.1046374011471275,1.0,0.0,0.0,1.0,0.0,1.0,0,1.0,1,Mr,1
0.0452931189799736,0.2027619721380371,1.0,0.125,0.1666666666666666,0.0,1.0,0.0,0,1.2916666666666665,0,Mrs,2
-0.0629807359157369,-0.4888866177535834,0.5,0.0,0.0,1.0,0.0,1.0,0,1.0,1,Mr,1
4.279883583951216,2.200857898491608,0.0,0.0,0.3333333333333333,1.0,0.0,0.0,0,1.3333333333333333,0,Mr,3
5.162315501351258,1.5860591519212783,0.0,0.25,0.0,1.0,0.0,1.0,1,1.25,0,Dr,2
-0.3130933407248285,0.8175607187083667,1.0,0.0,0.0,1.0,0.0,0.0,0,1.0,1,Mr,1
0.4821781234841659,1.3555096219574048,0.0,0.0,0.0,1.0,0.0,1.0,0,1.0,1,Mr,1
-0.3013651167625251,0.5101613454232019,1.0,0.0,0.0,1.0,0.0,1.0,0,1.0,1,Mr,1
-0.2827766613540295,-0.719436147717457,1.0,0.125,0.0,1.0,0.0,1.0,1,1.125,0,Mr,1
2.55724655256046,0.2027619721380371,0.5,0.25,0.0,1.0,0.0,1.0,0,1.25,0,Mr,5
-0.0629807359157369,-0.335186931111001,0.5,0.0,0.0,1.0,0.0,1.0,0,1.0,1,Mr,1
-0.2892730926477721,-0.1046374011471275,1.0,0.0,0.0,1.0,0.0,1.0,0,1.0,1,Mr,1
-0.277362968609244,1.0481102486722402,1.0,0.0,0.0,1.0,0.0,1.0,0,1.0,1,Mr,1
1.6260914004573488,-0.1046374011471275,0.0,0.125,0.0,0.0,0.0,1.0,1,1.125,0,Mrs,2
1.0630673549996534,0.8175607187083667,0.5,0.125,0.1666666666666666,0.0,0.0,1.0,1,1.2916666666666665,0,Mrs,2
1.6260914004573488,0.125912128816746,0.0,0.125,0.0,1.0,0.0,1.0,0,1.125,0,Mr,1
-0.1712545908114476,3.123056018347102,0.5,0.0,0.0,1.0,0.0,1.0,0,1.0,1,Mr,1
-0.0629807359157369,0.125912128816746,0.5,0.0,0.0,1.0,0.0,1.0,1,1.0,1,Mr,1
-0.6260047813734322,-0.1046374011471275,0.5,0.0,0.0,1.0,0.0,1.0,0,1.0,1,Mr,1
-0.2892730926477721,-0.8731358343600393,1.0,0.0,0.0,1.0,0.0,1.0,0,1.0,1,Mr,1
-0.277362968609244,-0.3736118527716466,1.0,0.0,0.0,1.0,0.0,1.0,0,1.0,1,Mr,1
-0.1997652622825861,-0.8731358343600393,1.0,0.0,0.0,0.0,0.0,1.0,1,1.0,1,Miss,1
1.405212736470099,1.0481102486722402,1.0,0.125,1.0,0.0,0.0,1.0,0,2.125,0,Mrs,6
21.56273820248077,0.5101613454232019,0.0,0.0,0.1666666666666666,1.0,0.0,0.0,1,1.1666666666666665,0,Mr,3
-0.2735733836878941,-0.1046374011471275,1.0,0.0,0.0,0.0,1.0,0.0,0,1.0,1,Miss,1
2.697101725452152,-0.1814872444684187,0.0,0.0,0.0,1.0,0.0,0.0,1,1.0,1,Mr,3
-0.22647425680826,-0.719436147717457,1.0,0.0,0.0,1.0,0.0,1.0,0,1.0,1,Mr,1
1.405212736470099,-1.180535207645204,1.0,0.625,0.3333333333333333,1.0,0.0,1.0,0,1.9583333333333333,0,Mr,6
1.0630673549996534,2.3545575851341902,0.5,0.125,0.1666666666666666,1.0,0.0,1.0,0,1.2916666666666665,0,Mr,2
1.1747713256184602,-0.335186931111001,0.5,0.125,0.3333333333333333,1.0,0.0,0.0,0,1.4583333333333333,0,Mr,3
1.092842665095974,-1.180535207645204,1.0,0.5,0.1666666666666666,1.0,0.0,1.0,0,1.6666666666666665,0,Mr,6
-0.1855120920241147,-0.7962859910387481,1.0,0.0,0.0,1.0,0.0,1.0,0,1.0,1,Mr,1
-0.2883722541750398,-0.8731358343600393,1.0,0.0,0.0,1.0,0.0,1.0,0,1.0,1,Mr,1
8.526925542235466,-1.1036853643239128,0.0,0.0,0.1666666666666666,0.0,0.0,1.0,1,1.1666666666666665,0,Miss,3
1.84263911024877,0.125912128816746,0.0,0.125,0.0,1.0,0.0,1.0,1,1.125,0,Mr,2
-0.0449336497817198,-1.949033640858116,1.0,0.0,0.1666666666666666,0.0,0.0,0.0,1,1.1666666666666665,0,Miss,1
1.8208024391934032,-0.1046374011471275,1.0,0.0,0.0,1.0,0.0,1.0,1,1.0,1,Mr,7
-0.3130933407248285,-0.335186931111001,1.0,0.0,0.0,1.0,0.0,0.0,0,1.0,1,Mr,1
0.5238635576190146,2.3545575851341902,0.0,0.0,0.0,1.0,0.0,1.0,0,1.0,1,Col,1
-0.0413259649365948,1.7397588385638607,0.5,0.0,0.0,1.0,0.0,1.0,0,1.0,1,Mr,1
-0.277362968609244,1.1249600919935314,1.0,0.0,0.0,1.0,0.0,1.0,0,1.0,1,Mr,1
-0.2910791005474326,-0.1046374011471275,1.0,0.0,0.0,0.0,1.0,0.0,1,1.0,1,Miss,1
4.176300152449588,1.5092093085999871,0.0,0.125,0.1666666666666666,1.0,0.0,0.0,0,1.2916666666666665,0,Mr,4
-0.2946867853925576,0.9712604053509488,1.0,0.0,0.0,1.0,0.0,1.0,0,1.0,1,Mr,1
9.227998752685192,-0.8731358343600393,0.0,0.125,0.0,0.0,0.0,0.0,1,1.125,0,Mrs,4
0.5124948028549651,0.4333115021019107,0.0,0.0,0.0,1.0,0.0,1.0,1,1.0,1,Mr,1
0.0,-0.8731358343600393,1.0,0.0,0.1666666666666666,0.0,0.0,0.0,0,1.1666666666666665,0,Miss,2
-0.290715300394983,-0.335186931111001,1.0,0.0,0.0,1.0,1.0,0.0,0,1.0,1,Mr,1
-0.2858429769246761,-0.2583370877897099,1.0,0.125,0.0,1.0,0.0,1.0,0,1.125,0,Mr,1
0.5000433095419583,0.7407108753870755,0.5,0.0,0.0,1.0,0.0,1.0,0,1.0,1,Mr,2
-0.0413259649365948,1.2018099353148226,0.5,0.0,0.0,0.0,0.0,1.0,1,1.0,1,Mrs,1
0.5124948028549651,0.9712604053509488,0.0,0.0,0.0,1.0,0.0,1.0,1,1.0,1,Mr,1
5.937556302404546,-0.5657364610748746,0.0,0.0,0.0,0.0,0.0,1.0,1,1.0,1,Miss,4
0.0342838334141777,-0.1046374011471275,1.0,0.125,0.1666666666666666,1.0,0.0,0.0,1,1.2916666666666665,0,Master,2
1.5179994456378627,-0.4120367744322922,0.0,0.0,0.0,0.0,0.0,0.0,1,1.0,1,Mlle,1
0.5238635576190146,-0.1046374011471275,0.0,0.0,0.0,1.0,0.0,1.0,0,1.0,1,Mr,1
1.6260914004573488,1.432359465278696,0.0,0.125,0.0,1.0,0.0,1.0,1,1.125,0,Mr,2
-0.2152874021204351,-0.0277875578258363,1.0,0.0,0.0,1.0,0.0,1.0,0,1.0,1,Mr,1
-0.0629807359157369,1.7397588385638607,0.5,0.0,0.0,1.0,0.0,1.0,0,1.0,1,Mr,2
-0.2946867853925576,-0.7962859910387481,1.0,0.0,0.0,1.0,0.0,1.0,0,1.0,1,Mr,1
9.227998752685192,0.6638610320657843,0.0,0.0,0.0,0.0,0.0,0.0,1,1.0,1,Miss,4
-0.1712545908114476,-0.1814872444684187,0.5,0.0,0.0,0.0,0.0,1.0,1,1.0,1,Miss,1
0.0452931189799736,-0.1046374011471275,1.0,0.0,0.0,1.0,1.0,0.0,0,1.0,1,Mr,1
-0.2892730926477721,0.2796118154593283,1.0,0.0,0.0,1.0,0.0,1.0,0,1.0,1,Mr,1
0.803210103249948,-1.7953339542155335,0.5,0.0,0.1666666666666666,0.0,0.0,1.0,1,1.1666666666666665,0,Miss,3
-0.3204906104913034,-0.9499856776813304,1.0,0.125,0.0,1.0,0.0,1.0,0,1.125,0,Mr,1
-0.0629807359157369,0.3564616587806195,0.5,0.0,0.0,1.0,0.0,1.0,0,1.0,1,Mr,1
-0.0629807359157369,1.5860591519212783,0.5,0.0,0.0,1.0,0.0,1.0,0,1.0,1,Mr,1
1.6737318966114614,-0.1814872444684187,0.0,0.125,0.0,1.0,0.0,1.0,1,1.125,0,Mr,2
-0.2508358741597949,-0.719436147717457,1.0,0.0,0.0,1.0,0.0,1.0,0,1.0,1,Mr,1
0.283495599750537,0.0490622854954548,0.5,0.375,0.0,0.0,0.0,1.0,1,1.375,0,Mrs,2
-0.2908972004712078,-0.1046374011471275,1.0,0.0,0.0,0.0,1.0,0.0,1,1.0,1,Miss,1
0.5000433095419583,-0.335186931111001,0.5,0.125,0.0,1.0,0.0,1.0,0,1.125,0,Mr,1
-0.2827766613540295,-0.335186931111001,1.0,0.125,0.0,0.0,0.0,1.0,0,1.125,0,Miss,1
8.526925542235466,-0.0277875578258363,0.0,0.0,0.0,0.0,0.0,1.0,1,1.0,1,Miss,3
0.1876732381678331,-1.4110847376090776,1.0,0.0,0.0,1.0,0.0,0.0,0,1.0,1,Mr,2
-0.6260047813734322,-0.1046374011471275,0.5,0.0,0.0,1.0,0.0,1.0,0,1.0,1,Mr,1
-0.0629807359157369,-0.4888866177535834,0.5,0.0,0.0,1.0,0.0,1.0,0,1.0,1,Mr,1
-0.0629807359157369,-0.4888866177535834,0.5,0.0,0.0,1.0,0.0,1.0,0,1.0,1,Mr,1
0.0712788441549442,-0.0662124794864819,1.0,0.0,0.0,1.0,0.0,1.0,0,1.0,1,Mr,2
0.8627607234425888,1.432359465278696,1.0,0.125,0.5,0.0,0.0,1.0,0,1.625,0,Mrs,4
21.56273820248077,0.4333115021019107,0.0,0.0,0.0,1.0,0.0,0.0,1,1.0,1,Mr,3
-0.2840412999792114,-0.1046374011471275,1.0,0.0,0.0,1.0,0.0,1.0,0,1.0,1,Mr,1
-0.2840412999792114,-0.1046374011471275,1.0,0.0,0.0,1.0,0.0,1.0,0,1.0,1,Mr,1
0.6732814773750952,-0.1046374011471275,0.0,0.0,0.0,1.0,0.0,1.0,1,1.0,1,Mr,1
2.788952602037281,0.5101613454232019,0.0,0.125,0.0,1.0,0.0,1.0,0,1.125,0,Mr,2
10.737336289931395,-0.6425863043961658,0.0,0.25,0.3333333333333333,0.0,0.0,0.0,1,1.5833333333333333,0,Miss,2
0.0712788441549442,-0.4120367744322922,1.0,0.125,0.0,1.0,0.0,1.0,0,1.125,0,Mr,1
-0.2827766613540295,0.125912128816746,1.0,0.0,0.0,1.0,0.0,1.0,1,1.0,1,Mr,1
2.448972697664749,3.123056018347102,0.0,0.125,0.1666666666666666,1.0,0.0,1.0,0,1.2916666666666665,0,Capt,2
0.2510134432818238,-1.0268355210026217,1.0,0.125,0.1666666666666666,1.0,0.0,1.0,0,1.2916666666666665,0,Mr,2
-0.0629807359157369,0.0490622854954548,0.5,0.0,0.0,0.0,0.0,1.0,1,1.0,1,Miss,1
1.6737318966114614,-0.7962859910387481,0.0,0.125,0.0,1.0,0.0,1.0,0,1.125,0,Mr,1
-0.2903558311967292,0.125912128816746,1.0,0.0,0.0,1.0,1.0,0.0,0,1.0,1,Mr,1
0.3701146836671055,-1.949033640858116,0.5,0.125,0.1666666666666666,0.0,0.0,1.0,1,1.2916666666666665,0,Miss,1
-0.0857182454438362,-1.7953339542155335,1.0,0.0,0.1666666666666666,1.0,0.0,1.0,1,1.1666666666666665,0,Master,2
-0.2145641327697318,0.2796118154593283,1.0,0.0,0.0,1.0,0.0,1.0,0,1.0,1,Mr,1
-0.2840412999792114,-0.4888866177535834,1.0,0.0,0.0,1.0,0.0,1.0,0,1.0,1,Mr,1
2.189115445915044,1.432359465278696,0.5,0.125,0.3333333333333333,0.0,0.0,1.0,1,1.4583333333333333,0,Mrs,2
0.0019835770216894,-2.204943619118015,0.5,0.125,0.1666666666666666,1.0,0.0,1.0,1,1.2916666666666665,0,Master,2
-0.2883722541750398,-0.1046374011471275,1.0,0.0,0.0,1.0,0.0,1.0,0,1.0,1,Mr,1
-0.1279450488531633,-0.8731358343600393,0.5,0.0,0.0,1.0,0.0,1.0,0,1.0,1,Mr,1
-0.277362968609244,0.3564616587806195,1.0,0.0,0.0,1.0,0.0,1.0,0,1.0,1,Mr,1
3.120270598018155,0.2796118154593283,0.0,0.0,0.0,0.0,0.0,1.0,1,1.0,1,the Countess,3
0.0019835770216894,-0.1046374011471275,1.0,0.0,0.0,1.0,0.0,1.0,0,1.0,1,Mr,2
-0.3174242949206569,0.8944105620296577,1.0,0.0,0.0,1.0,0.0,1.0,0,1.0,1,Mr,1
-0.3129114406486037,-0.719436147717457,1.0,0.0,0.0,1.0,0.0,0.0,1,1.0,1,Mr,1
4.571140253620677,0.5101613454232019,0.0,0.125,0.3333333333333333,0.0,0.0,1.0,1,1.4583333333333333,0,Mrs,4
-0.2892730926477721,-1.0268355210026217,1.0,0.0,0.0,1.0,0.0,1.0,0,1.0,1,Mr,1
2.7503334834730784,1.6629089952425695,0.0,0.125,0.0,0.0,0.0,1.0,1,1.125,0,Mrs,3
1.089053080174624,-0.1046374011471275,0.0,0.0,0.0,1.0,0.0,0.0,0,1.0,1,Dr,1
-0.2903558311967292,0.0874872071561004,1.0,0.0,0.0,0.0,1.0,0.0,0,1.0,1,Miss,1
0.4199206569191323,-0.1046374011471275,1.0,0.125,0.0,1.0,1.0,0.0,0,1.125,0,Mr,3
-0.2638287367472801,0.2027619721380371,1.0,0.0,0.0,1.0,0.0,1.0,0,1.0,1,Mr,1
-0.2145641327697318,-0.4120367744322922,1.0,0.0,0.0,1.0,0.0,1.0,0,1.0,1,Mr,1
-0.2858429769246761,1.432359465278696,1.0,0.0,0.0,1.0,0.0,1.0,0,1.0,1,Mr,1
-0.1712545908114476,2.1240080551703167,0.5,0.0,0.0,0.0,0.0,1.0,0,1.0,1,Mrs,2
-0.3130933407248285,-0.1046374011471275,1.0,0.0,0.0,1.0,0.0,0.0,0,1.0,1,Mr,1
0.3701146836671055,1.893458525206443,0.5,0.125,0.5,0.0,0.0,1.0,1,1.625,0,Mrs,1
-0.2903558311967292,-0.8731358343600393,1.0,0.0,0.0,1.0,0.0,1.0,0,1.0,1,Mr,1
-0.2903558311967292,-0.1046374011471275,1.0,0.0,0.0,1.0,1.0,0.0,0,1.0,1,Mr,1
-0.0857182454438362,-1.8721837975368247,1.0,0.0,0.0,0.0,0.0,1.0,1,1.0,1,Miss,2
-0.2908972004712078,-0.1046374011471275,1.0,0.0,0.0,1.0,1.0,0.0,0,1.0,1,Mr,1
8.526925542235466,1.0481102486722402,0.0,0.0,0.1666666666666666,0.0,0.0,1.0,1,1.1666666666666665,0,Mrs,3
-0.3129114406486037,-1.2573850509664952,1.0,0.0,0.0,0.0,0.0,0.0,1,1.0,1,Miss,1
1.84263911024877,-0.9499856776813304,0.0,0.125,0.0,0.0,0.0,1.0,1,1.125,0,Mrs,2
0.6732814773750952,-0.0277875578258363,0.0,0.0,0.0,1.0,0.0,1.0,0,1.0,1,Mr,1
0.3896039775483334,-0.1046374011471275,1.0,0.125,0.3333333333333333,1.0,0.0,1.0,0,1.4583333333333333,0,Mr,2
-0.3206725105675282,-0.335186931111001,1.0,0.0,0.0,1.0,0.0,1.0,0,1.0,1,Mr,1
-0.3120106021758714,-0.335186931111001,1.0,0.0,0.0,1.0,0.0,1.0,0,1.0,1,Mr,1
-0.3013651167625251,-0.8731358343600393,1.0,0.0,0.0,0.0,0.0,1.0,1,1.0,1,Miss,1
0.6353856281615965,-1.6416342675729512,1.0,0.5,0.1666666666666666,1.0,1.0,0.0,0,1.6666666666666665,0,Master,5
0.2650890444182662,-2.179583170821989,1.0,0.125,0.3333333333333333,1.0,0.0,1.0,1,1.4583333333333333,0,Master,2
2.8041109417226804,1.2786597786361138,0.0,0.0,0.0,1.0,0.0,0.0,0,1.0,1,Mr,2
-0.2903558311967292,-0.1046374011471275,1.0,0.0,0.0,1.0,1.0,0.0,0,1.0,1,Mr,1
0.5000433095419583,-1.0268355210026217,0.5,0.0,0.0,1.0,0.0,1.0,0,1.0,1,Mr,2
2.3861738618252373,-0.1046374011471275,1.0,1.0,0.3333333333333333,0.0,0.0,1.0,0,2.333333333333333,0,Miss,7
0.7034162566696693,-0.1046374011471275,0.0,0.0,0.0,1.0,0.0,0.0,0,1.0,1,Mr,1
-0.2840412999792114,-0.335186931111001,1.0,0.0,0.0,1.0,0.0,1.0,0,1.0,1,Mr,1
-0.0629807359157369,0.7407108753870755,0.5,0.0,0.0,1.0,0.0,1.0,0,1.0,1,Mr,1
0.4969769939713118,1.5092093085999871,0.0,0.0,0.0,0.0,0.0,1.0,1,1.0,1,Dr,1
-0.2499350356870626,0.125912128816746,1.0,0.0,0.0,0.0,0.0,1.0,1,1.0,1,Mrs,1
-0.3129114406486037,0.0490622854954548,1.0,0.0,0.0,1.0,0.0,0.0,0,1.0,1,Mr,1
0.4199206569191323,0.0490622854954548,1.0,0.125,0.1666666666666666,0.0,0.0,1.0,0,1.2916666666666665,0,Mrs,3
-0.0629807359157369,0.3564616587806195,0.5,0.0,0.0,1.0,0.0,1.0,0,1.0,1,Mr,2
0.5108706950315294,0.125912128816746,0.5,0.125,0.1666666666666666,0.0,0.0,1.0,1,1.2916666666666665,0,Mrs,3
4.571140253620677,-1.4110847376090776,0.0,0.125,0.3333333333333333,1.0,0.0,1.0,1,1.4583333333333333,0,Master,4
-0.2571504053773127,-2.224156079948338,1.0,0.0,0.1666666666666666,1.0,0.0,0.0,1,1.1666666666666665,0,Master,1
-0.3239207262143995,-0.1814872444684187,1.0,0.0,0.0,1.0,0.0,1.0,1,1.0,1,Mr,1
-0.2892730926477721,0.125912128816746,1.0,0.0,0.0,1.0,0.0,1.0,0,1.0,1,Mr,1
-0.6260047813734322,0.7407108753870755,0.0,0.0,0.0,1.0,0.0,1.0,0,1.0,1,Mr,1
-0.2892730926477721,-0.8731358343600393,1.0,0.0,0.0,0.0,0.0,1.0,0,1.0,1,Miss,1
-0.0629807359157369,0.7407108753870755,0.5,0.0,0.0,1.0,0.0,1.0,0,1.0,1,Mr,1
1.6737318966114614,0.2796118154593283,0.0,0.125,0.0,0.0,0.0,1.0,1,1.125,0,Mrs,2
-0.2844007691774651,-0.2583370877897099,1.0,0.0,0.0,1.0,0.0,1.0,0,1.0,1,Mr,1
0.4199206569191323,0.7407108753870755,1.0,0.0,0.0,1.0,0.0,1.0,0,1.0,1,Mr,2
-0.1712545908114476,0.4333115021019107,0.5,0.0,0.0,1.0,0.0,1.0,0,1.0,1,Mr,1
0.7285011433719076,-1.7953339542155335,1.0,0.5,0.3333333333333333,0.0,0.0,1.0,0,1.8333333333333333,0,Miss,7
-0.277362968609244,0.0874872071561004,1.0,0.0,0.0,1.0,0.0,1.0,0,1.0,1,Mr,1
-0.6260047813734322,-0.1046374011471275,0.0,0.0,0.0,1.0,0.0,1.0,0,1.0,1,Mr,1
-0.2827766613540295,-0.4888866177535834,1.0,0.0,0.0,0.0,0.0,1.0,0,1.0,1,Miss,1
0.9766301711593096,0.125912128816746,0.5,0.125,0.1666666666666666,1.0,0.0,0.0,0,1.2916666666666665,0,Mr,2
-0.3466582357424988,1.0481102486722402,1.0,0.0,0.0,1.0,0.0,1.0,0,1.0,1,Mr,1
0.5823314392626983,-1.4879345809303688,1.0,0.375,0.3333333333333333,1.0,0.0,1.0,0,1.7083333333333333,0,Master,6
3.423437391726145,1.7397588385638607,0.0,0.125,0.1666666666666666,0.0,0.0,1.0,1,1.2916666666666665,0,Mrs,2
-0.2508358741597949,-0.1814872444684187,1.0,0.0,0.0,1.0,0.0,1.0,1,1.0,1,Mr,1
-0.6260047813734322,0.6638610320657843,0.0,0.0,0.0,1.0,0.0,1.0,0,1.0,1,Jonkheer,1
-0.0857182454438362,-0.1814872444684187,1.0,0.0,0.1666666666666666,0.0,0.0,1.0,1,1.1666666666666665,0,Mrs,2
1.092842665095974,-2.1027333275006983,1.0,0.5,0.1666666666666666,1.0,0.0,1.0,0,1.6666666666666665,0,Master,6
-0.3250034647633567,-0.1046374011471275,1.0,0.0,0.0,1.0,1.0,0.0,0,1.0,1,Mr,1
1.8208024391934032,-0.1046374011471275,1.0,0.0,0.0,1.0,0.0,1.0,0,1.0,1,Mr,7
0.9766301711593096,-2.179583170821989,0.5,0.0,0.3333333333333333,1.0,0.0,0.0,1,1.3333333333333333,0,Master,2
-0.2903558311967292,-0.1046374011471275,1.0,0.0,0.0,1.0,1.0,0.0,1,1.0,1,Mr,1
2.838758575289308,2.5082572717767726,0.0,0.0,0.0,0.0,0.0,1.0,1,1.0,1,Mrs,2
0.0,-1.1036853643239128,1.0,0.125,0.0,0.0,0.0,0.0,1,1.125,0,Mrs,2
0.1860491303443974,-2.192647644186609,0.5,0.125,0.1666666666666666,1.0,0.0,1.0,1,1.2916666666666665,0,Master,3
-0.3129114406486037,-0.1046374011471275,1.0,0.0,0.0,1.0,0.0,0.0,0,1.0,1,Mr,1
-0.2858429769246761,-0.4888866177535834,1.0,0.0,0.0,1.0,0.0,1.0,0,1.0,1,Mr,1
-0.2665355831196729,-0.8731358343600393,1.0,0.0,0.0,1.0,0.0,1.0,0,1.0,1,Mr,1
2.9755431016561564,0.7407108753870755,0.0,0.125,0.1666666666666666,0.0,0.0,0.0,1,1.2916666666666665,0,Miss,1
-0.2508358741597949,-0.6425863043961658,1.0,0.0,0.0,1.0,0.0,1.0,0,1.0,1,Mr,1
-0.277362968609244,-0.1046374011471275,1.0,0.0,0.0,1.0,0.0,1.0,0,1.0,1,Mr,1
1.8208024391934032,0.2027619721380371,1.0,0.0,0.0,1.0,0.0,1.0,1,1.0,1,Mr,7
0.6602886147876099,-0.1046374011471275,0.0,0.0,0.0,1.0,0.0,0.0,1,1.0,1,Mr,1
-0.2827766613540295,-0.719436147717457,1.0,0.0,0.0,1.0,0.0,1.0,0,1.0,1,Mr,1
-0.1712545908114476,-1.0268355210026217,0.5,0.0,0.0,1.0,0.0,1.0,0,1.0,1,Mr,2
0.7165910193333795,0.0490622854954548,0.0,0.0,0.0,0.0,0.0,0.0,1,1.0,1,Miss,2
-0.3471996050169773,0.3948865804412651,1.0,0.0,0.0,1.0,0.0,0.0,0,1.0,1,Mr,1
-0.2508358741597949,-0.9499856776813304,1.0,0.0,0.0,1.0,0.0,1.0,0,1.0,1,Mr,1
-0.2990177395883861,0.9712604053509488,1.0,0.0,0.0,1.0,0.0,1.0,0,1.0,1,Mr,1
2.3861738618252373,-0.1046374011471275,1.0,1.0,0.3333333333333333,1.0,0.0,1.0,0,2.333333333333333,0,Mr,7
-0.2840412999792114,0.4333115021019107,1.0,0.0,0.0,1.0,0.0,0.0,0,1.0,1,Mr,1
0.803210103249948,-0.1046374011471275,0.5,0.0,0.1666666666666666,1.0,0.0,1.0,0,1.1666666666666665,0,Rev,3
3.2330573071859194,-0.1046374011471275,0.0,0.125,0.0,0.0,0.0,0.0,1,1.125,0,Mrs,2
0.7285011433719076,-1.949033640858116,1.0,0.5,0.3333333333333333,1.0,0.0,1.0,0,1.8333333333333333,0,Master,7
-0.2892730926477721,3.430455391632267,1.0,0.0,0.0,1.0,0.0,1.0,0,1.0,1,Mr,1
0.0342838334141777,-1.56478442425166,1.0,0.125,0.1666666666666666,0.0,0.0,0.0,0,1.2916666666666665,0,Miss,2
1.080391171782967,-1.0268355210026217,0.0,0.0,0.1666666666666666,0.0,0.0,1.0,1,1.1666666666666665,0,Miss,1
0.5000433095419583,1.1249600919935314,0.5,0.125,0.0,0.0,0.0,1.0,0,1.125,0,Mrs,2
-0.2210605640634745,-0.8731358343600393,1.0,0.0,0.1666666666666666,0.0,0.0,1.0,1,1.1666666666666665,0,Mrs,1
6.51429647980043,1.2018099353148226,0.0,0.125,0.1666666666666666,0.0,0.0,1.0,1,1.2916666666666665,0,Mrs,2
0.5238635576190146,1.6629089952425695,0.0,0.0,0.0,1.0,0.0,1.0,1,1.0,1,Mr,1
0.2080633705217932,-0.4120367744322922,1.0,0.0,0.5,0.0,0.0,0.0,1,1.5,0,Mrs,4
-0.3129114406486037,-0.1046374011471275,1.0,0.0,0.0,1.0,0.0,0.0,0,1.0,1,Mr,1
-0.0149807705633705,0.8944105620296577,1.0,0.25,0.0,1.0,0.0,1.0,0,1.25,0,Mr,1
-0.1279450488531633,-0.6425863043961658,0.5,0.125,0.0,1.0,0.0,1.0,0,1.125,0,Mr,1
0.4969769939713118,1.432359465278696,0.0,0.0,0.0,0.0,0.0,1.0,1,1.0,1,Mrs,1
2.3861738618252373,-0.1046374011471275,1.0,1.0,0.3333333333333333,0.0,0.0,1.0,0,2.333333333333333,0,Miss,7
-0.0629807359157369,-0.4120367744322922,0.5,0.0,0.0,1.0,0.0,1.0,0,1.0,1,Mr,1
-0.0629807359157369,0.9712604053509488,0.5,0.0,0.0,0.0,0.0,1.0,1,1.0,1,Mrs,1
-0.0258081560529415,-0.1814872444684187,0.5,0.125,0.0,0.0,0.0,0.0,1,1.125,0,Miss,1
1.5609451874436977,0.125912128816746,0.0,0.0,0.0,1.0,0.0,1.0,0,1.0,1,Mr,1
-0.2145641327697318,-0.1046374011471275,1.0,0.0,0.0,1.0,0.0,1.0,0,1.0,1,Mr,1
-0.1438266578892661,-1.949033640858116,1.0,0.125,0.1666666666666666,1.0,0.0,1.0,1,1.2916666666666665,0,Master,3
-0.2840412999792114,-0.2583370877897099,1.0,0.0,0.0,1.0,0.0,1.0,0,1.0,1,Mr,1
1.6500935486106298,1.3555096219574048,0.0,0.125,0.1666666666666666,0.0,0.0,1.0,1,1.2916666666666665,0,Mrs,2
-0.4094570715820109,0.2796118154593283,0.0,0.0,0.0,1.0,0.0,1.0,0,1.0,1,Mr,1
-0.2362189037488739,1.3555096219574048,1.0,0.0,0.0,1.0,0.0,1.0,0,1.0,1,Mr,1
0.4134242256253898,-0.1046374011471275,0.5,0.125,0.0,0.0,0.0,0.0,1,1.125,0,Mrs,2
-0.3130933407248285,-1.1036853643239128,1.0,0.0,0.0,0.0,0.0,0.0,1,1.0,1,Miss,1
-0.1995876931605571,-0.719436147717457,1.0,0.0,0.0,1.0,0.0,1.0,0,1.0,1,Mr,2
-0.2840412999792114,-0.7962859910387481,1.0,0.0,0.0,1.0,0.0,1.0,0,1.0,1,Mr,1
-0.2840412999792114,-0.1046374011471275,1.0,0.0,0.0,1.0,0.0,1.0,0,1.0,1,Mr,1
2.9755431016561564,2.047158211849025,0.0,0.0,0.1666666666666666,0.0,0.0,0.0,1,1.1666666666666665,0,Mrs,2
0.5000433095419583,-0.335186931111001,0.5,0.0,0.1666666666666666,0.0,0.0,1.0,1,1.1666666666666665,0,Mrs,2
-0.2840412999792114,0.2796118154593283,1.0,0.0,0.0,1.0,0.0,1.0,0,1.0,1,Mr,1
-0.1705313214607442,-0.5657364610748746,1.0,0.0,0.0,0.0,0.0,1.0,0,1.0,1,Miss,1
-0.1712545908114476,-0.1046374011471275,0.5,0.0,0.0,1.0,0.0,1.0,0,1.0,1,Mr,1
-0.3206725105675282,-0.335186931111001,1.0,0.0,0.0,1.0,0.0,1.0,0,1.0,1,Mr,1
0.6353856281615965,0.7407108753870755,1.0,0.0,0.8333333333333333,0.0,1.0,0.0,0,1.8333333333333333,0,Mrs,5
-0.0629807359157369,-0.1814872444684187,0.5,0.0,0.0,1.0,0.0,1.0,0,1.0,1,Rev,1
0.6732814773750952,-0.7962859910387481,0.0,0.0,0.0,0.0,0.0,1.0,1,1.0,1,Miss,1
0.3896039775483334,-0.1046374011471275,1.0,0.125,0.3333333333333333,0.0,0.0,1.0,0,1.4583333333333333,0,Miss,2
0.6732814773750952,-0.2583370877897099,0.0,0.0,0.0,1.0,0.0,0.0,1,1.0,1,Mr,1
-0.2903558311967292,0.2027619721380371,1.0,0.0,0.0,1.0,1.0,0.0,0,1.0,1,Mr,1
